Keywords,Avg. Search Volume,KD,,Keywords,Avg. Search Volume,KD
Keywords Overview,,,,Partially Relevant Keywords We Can Use in Blog Topics,,
car services,700.0,56.0,,water gun for car wash,1.6K,1.0
car inspection services,1.0K,4.0,,car wash pump,1.5K,1.0
car cleaning services near me,900.0,3.0,,car wash machine,6.9K,1.0
car detailing services,900.0,15.0,,car wash shampoo,2.9K,1.0
car cleaning services,800.0,0.0,,pressure pump for car wash,1.6K,1.0
car services near me,500.0,12.0,,high pressure water gun for car wash,1.4K,1.0
car cleaning services at home,450.0,28.0,,automatic car wash machine,1.2K,1.0
car deep cleaning services,250.0,1.0,,car wash pressure pump,1.0K,1.0
daily car cleaning services at home,200.0,7.0,,pressure gun for car wash,800.0,1.0
car inspection services near me,150.0,2.0,,car wash brush,700.0,1.0
daily car cleaning services near me,150.0,5.0,,graphene coating vs ceramic coating,600.0,1.0
car care services,150.0,3.0,,ceramic coating vs graphene coating,250.0,1.0
daily car cleaning services,150.0,1.0,,,,
car wash services,100.0,1.0,,,,
car deep cleaning services near me,100.0,4.0,,,,
car dry cleaning,900.0,1.0,,,,
car dry cleaning near me,1.5K,5.0,,,,
car dry cleaning at home,300.0,14.0,,,,
car dry cleaning price,250.0,1.0,,,,
car dry cleaning gurgaon,200.0,8.0,,,,
,,,,,,
"Keywords Related To the 'Services,",,,,Local Keywords,,
Car Wash Service,,,,Primary Local Service Keywords,,
car wash,10K,3.0,,car wash gurgaon,150.0,8.0
car wash service,250.0,30.0,,doorstep car wash Gurgaon,90.0,8.0
car wash near me,80K,9.0,,car detailing Gurgaon,200.0,1.0
diy car wash tips,26K,19.0,,ceramic coating Gurgaon,100.0,1.0
car water wash near me,3.2K,1.0,,ceramic coating in gurgaon,90.0,1.0
car wash at home,2.4K,1.0,,best ceramic coating in gurgaon,60.0,1.0
car wash near me now,2.0K,4.0,,ceramic coating price in gurgaon,40.0,1.0
car foam wash,1.2K,1.0,,car detailing in gurgaon,100.0,1.0
best car wash near me,1.1K,1.0,,,,
car wash images,800.0,1.0,,,,
automatic car wash near me,800.0,7.0,,,,
nearby car wash,700.0,1.0,,,,
automatic car wash,700.0,1.0,,,,
home car wash service,700.0,24.0,,,,
waterless car wash,600.0,1.0,,,,
car wash home service,600.0,1.0,,,,
doorstep car wash near me,600.0,1.0,,,,
car foam wash near me,600.0,1.0,,,,
car wash foam,500.0,1.0,,,,
car wash service near me,500.0,2.0,,,,
car wash centre near me,500.0,1.0,,,,
car wash price,500.0,1.0,,,,
car wash nearby,450.0,1.0,,,,
nearest car wash,450.0,1.0,,,,
home car wash service,700.0,24.0,,,,
car wash service near me,500.0,2.0,,,,
car wash service at home,400.0,14.0,,,,
car wash home service near me,150.0,1.0,,,,
car washing,3.1K,12.0,,,,
,,,,,,
Car Deep Clean,,,,,,
car deep clean,50.0,1.0,,,,
deep clean car wash,70.0,1.0,,,,
deep clean car wash near me,40.0,2.0,,,,
car deep clean near me,30.0,2.0,,,,
,,,,,,
Car Spa Service,,,,,,
Car Spa,1.0K,11.0,,,,
car spa near me,1.8K,2.0,,,,
,,,,,,
Ceramic Coating,,,,,,
ceramic coating,23K,16.0,,,,
ceramic coating price,4.9K,1.0,,,,
ceramic coating for cars,2.5K,4.0,,,,
ceramic coating near me,2.2K,1.0,,,,
3m ceramic coating price,2.0K,1.0,,,,
3m ceramic coating,1.7K,1.0,,,,
car ceramic coating,1.5K,4.0,,,,
ceramic coating car,1.5K,2.0,,,,
ceramic coating for cars,1.3K,1.0,,,,
car ceramic coating price,1.0K,1.0,,,,
ppf vs ceramic coating,800.0,1.0,,,,
ceramic coating vs ppf,700.0,3.0,,,,
what is ceramic coating,700.0,23.0,,,,
ceramic coating benefits,600.0,6.0,,,,
graphene coating vs ceramic coating,600.0,1.0,,,,
ceramic coating cost,500.0,1.0,,,,
ceramic coating price for car,500.0,1.0,,,,
what is ceramic coating on car,450.0,4.0,,,,
is ceramic coating worth it,450.0,2.0,,,,
ceramic car coating,350.0,4.0,,,,
graphene ceramic coating,300.0,1.0,,,,
best ceramic coating,300.0,8.0,,,,
car ceramic coating near me,300.0,1.0,,,,
benefits of ceramic coating,250.0,9.0,,,,
,,,,,,
Paint Protection Film,,,,,,
paint protection film,2.2K,21.0,,,,
paint protection film for car,700.0,28.0,,,,
paint protection film cost,600.0,7.0,,,,
car paint protection film,600.0,36.0,,,,
paint protection film near me,500.0,1.0,,,,
paint protection film price,100.0,1.0,,,,
ppf coating,4.7K,38.0,,,,
ppf coating price,2.8K,13.0,,,,
ppf coating near me,1.5K,2.0,,,,
ppf car coating,1.0K,29.0,,,,
ppf coating for car,1.0K,36.0,,,,
ppf vs ceramic coating,800.0,1.0,,,,
ceramic coating vs ppf,700.0,3.0,,,,
car ppf coating,600.0,16.0,,,,
ppf coating price for car,600.0,13.0,,,,
ppf car coating price,500.0,1.0,,,,
ppf coating cost,400.0,1.0,,,,
