Page URL,Meta Title,Length,Meta Description,Length,New Meta Title,Length,New Meta Description,Length,Focus Keywords,H1 / Title,Alt Text,Slug,Old Slug
https://carheroz.com/,"Car Detailing Services in Gurgaon, Doorstep Car Wash Gurgaon",60,Carheroz offers the best car detailing services in Gurgaon. Enjoy a convenient doorstep car wash in Gurgaon for a spotless and shining car at your location.,156,Best Car Detailing Services in Gurgaon | Car Wash at Home,57,Get the best car detailing services in Gurgaon with CarHeroz. Enjoy expert car wash at your doorstep for a spotless shine. Book your car care today!,148,"car detailing services
best car wash at home
carheroz",,"Best Car Detailing Services in Gurgaon
about the images ",Okay,Okay
https://carheroz.com/about-us.php,About CARHEROZ - Your Trusted Doorstep Car Care Partner,55,"CARHEROZ is your trusted doorstep car care partner, offering high-quality services like car washing, car spa, ceramic coating and detailing at your doorstep.",157,About CarHeroz | Trusted Doorstep Car Care Services,51,"CarHeroz is your trusted doorstep car care partner in Gurgaon, offering car wash, detailing, ppf, ceramic coating & car spa for a spotless, showroom-like shine.",160,About CarHeroz,About CARHEROZ,"About CarHeroz, & about the images",Okay,Okay
,,,,,,,,,,,,,
https://carheroz.com/services.php,Car Washing & Detailing Services in Gurgaon,43,"CarHeroz offers the best car washing and detailing services in Gurgaon, ensuring your vehicle looks spotless inside and out.",124,CarHeroz Services | Car Wash & Detailing in Gurgaon,51,"Explore CarHeroz Services — from car wash and deep cleaning to detailing, ceramic coating & car spa in Gurgaon. Get premium car care by our experts!",148,CarHeroz Services,Car Washing & Detailing Services in Gurgaon,CarHeroz Services & about the images,Okay,Okay
https://carheroz.com/car-washing-in-gurgaon.php,Car Wash Service in Gurgaon | Doorstep & In-Shop by CarHeroz,60,Get the best car wash service in Gurgaon with CarHeroz. Visit our center or book doorstep cleaning for a spotless shine and professional car care!,146,Car Wash Service in Gurgaon | Professional Care by CarHeroz,59,Get the best car wash service in Gurgaon with CarHeroz. Visit our center or book doorstep cleaning for a spotless shine and professional car care!,146,Car Wash Service in Gurgaon,Professional Car Wash Service in Gurgaon,Car Wash Service in Gurgaon & about the images,/car-wash-service-in-gurgaon,/car-washing-in-gurgaon
https://carheroz.com/deep-clean-car-wash-in-gurgaon.php,"Deep Clean Car Wash in Gurgaon, Car Deep Cleaning Price",55,Get the best Deep Clean Car Wash in Gurgaon with affordable Car Deep Cleaning Price. Top-quality Deep Cleaning Car Service in Gurgaon for best results.,151,Deep Clean Car Wash in Gurgaon | Expert Care by CarHeroz,56,Get a deep clean car wash in Gurgaon with CarHeroz. Experience expert interior & exterior cleaning that restores your car’s showroom shine. Book now!,149,Deep clean car wash in Gurgaon,Professional Deep Clean Car Wash in Gurgaon,deep clean car wash in Gurgaon & about the images,Okay,Okay
https://carheroz.com/car-spa-service-in-gurgaon.php,"Car Spa Service in Gurgaon, Car Spa in Gurgaon",46,"Carheroz offers best Car Spa Service in Gurgaon, providing a range of treatments to keep your car looking new. Experience the best Car Spa in Gurgaon today!",156,Car Spa Service in Gurgaon | Premium Care by CarHeroz,53,Experience premium car spa service in Gurgaon with CarHeroz. Restore your car’s shine and freshness with our expert cleaning & detailing care!,142,Car Spa Service in Gurgaon,Car Spa Service in Gurgaon,Car Spa Service in Gurgaon & about the images,Okay,Okay
https://carheroz.com/ceramic-coating-in-gurgaon.php,"Ceramic Coating in Gurgaon, Ceramic Coating Price in Gurgaon",60,Get the best ceramic coating in Gurgaon at CarHeroz! High-quality protection for your car’s shine at affordable prices.,119,Ceramic Coating Service in Gurgaon | Shine with CarHeroz,56,Get professional ceramic coating service in Gurgaon with CarHeroz. Protect your car’s paint & enhance gloss with long-lasting shine. Book now!,142,"ceramic coating 
Ceramic Coating Service in Gurgaon
car ceramic coating",Professional Ceramic Coating Service in Gurgaon,Ceramic Coating Service in Gurgaon & about the images,Okay,Okay
https://carheroz.com/paint-protection-film-ppf.php,"PPF in Gurgaon, Car Ppf in Gurgaon, Paint Protection Film",57,"Protect your car’s shine with premium Paint Protection Film in Gurgaon by Carheroz. Get expert care, scratch resistance & long-lasting paint protection.",152,Paint Protection Film (PPF) for Cars in Gurgaon | Book Now!,59,"Get expert Paint Protection Film (PPF) in Gurgaon with CarHeroz. Shield your car’s paint from scratches, UV rays & stains. Book your car protection today!",154,"Paint Protection Film
Paint Protection Film (PPF)",Paint Protection Film (PPF) for Cars in Gurgaon,Paint Protection Film & about the images ,Okay,Okay
,,,,,,,,,,,,,
https://carheroz.com/gallery.php,"Car Wash before after, Ceramic Coating before after",51,"Look for before and after pics of Car Wash, Car Deep Clean, Ceramic Coating and Car Spa Services from Carheroz.",111,Car Wash and Detailing — Before & After | CarHeroz Gallery,58,Explore CarHeroz Gallery to see stunning car detailing before & after results. From car wash to ceramic coating — witness the shine transformation!,147,CarHeroz Gallery,Car Wash & Detailing — Before & After Results | CarHeroz Gallery,CarHeroz Gallery & about the images,Okay,Okay
https://carheroz.com/blogs.php,Car Washing & Detailing Blogs - CarHeroz,40,Stay updated with the latest blogs and articles on Car washing and detailing.,77,Car Care & Detailing Blog | Tips by CarHeroz Experts,52,"Read the CarHeroz Blog for expert car care tips, detailing guides & wash hacks. Learn how to keep your car looking new with our professional insights!",150,"car care tips , car detailing blog","Car Care, Washing & Detailing Blogs","car care tips, car detailing blog, about the images ",Okay,Okay
https://carheroz.com/contact-us.php,Doorstep Car Washing & Detailing in Gurgaon,43,Contact CarHeroz for the best doorstep car washing and detailing service in Gurgaon. Enjoy professional cleaning that makes your car look brand new.,148,Contact CarHeroz | Car Wash & Detailing in Gurgaon,50,Contact CarHeroz for professional car wash and detailing services in Gurgaon. Visit us or book a doorstep cleaning for a showroom-like shine!,141,Contact CarHeroz,Car Wash & Detailing Services in Gurgaon | CarHeroz,"Contact CarHeroz, about the images",Okay,Okay
