Page URL,Meta Title,Length,Meta Description,Length,Focus Keywords
https://carheroz.com/,Car Care in Gurgaon | Doorstep Car Services & Detailing,55,"Get car care in Gurgaon with doorstep detailing, coating, and maintenance services. Book expert solutions for a clean, protected, and hassle free car.",150,car care in Gurgaon
,,,,,
https://carheroz.com/about/,CarHeroz About Us | Car Care Experts & Premium Services,55,"Explore CarHeroz About Us, a trusted car care brand offering premium services like detailing, coating, and maintenance with quality, expertise, and reliability.",160,CarHeroz About Us
https://carheroz.com/contact-us/,CarHeroz Contact Us | Book Car Care Services & Support,54,"Visit CarHeroz Contact Us to connect with our experts for car care services, bookings, and support. Get quick assistance for detailing, coating, and maintenance.",,CarHeroz Contact Us
,,,,,
https://carheroz.com/services/,Car Services in Gurgaon | Premium Car Care by CarHeroz,54,"Explore premium car services in Gurgaon by CarHeroz including detailing, ceramic coating, and full car care solutions delivered by skilled experts.",,car services in Gurgaon
https://carheroz.com/service/car-wash-service/,Car Wash Service in Gurgaon | Clean & Shine CarHeroz,52,Get professional car wash service in Gurgaon with CarHeroz for a spotless clean and shine. Book expert cleaning with trusted care and quality results.,150,car wash service in Gurgaon
https://carheroz.com/service/car-deep-clean/,Car Deep Cleaning in Gurgaon | Interior & Exterior Care,55,"Book car deep cleaning in Gurgaon with CarHeroz for thorough interior and exterior care. Remove dirt, stains, and odor with expert cleaning service.",148,car deep cleaning in Gurgaon
https://carheroz.com/service/car-spa-service/,Car Spa Service in Gurgaon | Premium Car Care by CarHeroz,57,"Book car spa service in Gurgaon with CarHeroz for deep cleaning, polishing, and shine. Get premium car care with expert service and long-lasting protection.",156,Car Spa Service in Gurgaon
https://carheroz.com/service/car-ceramic-coating/,Car Ceramic Coating in Gurgaon | Premium Protection,51,Get car ceramic coating in Gurgaon with CarHeroz for long-lasting shine and protection. Book expert coating service for superior gloss and durability.,150,car ceramic coating in Gurgaon
https://carheroz.com/service/paint-protection-film-ppf/,Paint Protection Film in Gurgaon | Premium PPF CarHeroz,55,"Get paint protection film in Gurgaon with CarHeroz for superior scratch protection, gloss, and durability. Book premium PPF installation by trained experts.",156,paint protection film in Gurgaon
https://carheroz.com/founders-speak/,CarHeroz Founder Message | Our Vision & Journey,47,"Read the CarHeroz founder message to discover our journey, vision, and passion for delivering premium car care services with trust, quality, and innovation.",156,CarHeroz founder message
https://carheroz.com/gallery/,CarHeroz Gallery | Real Car Care Results & Work Showcase,56,"Explore CarHeroz gallery to see real car care results, detailing work, coating finish, and transformations done by our experts with premium quality service.",,CarHeroz gallery
https://carheroz.com/blog/,Car Care Tips by CarHeroz | Expert Guides & Advice,50,"Read car care tips by CarHeroz covering detailing, maintenance, and protection. Get expert advice to keep your car clean, protected, and well maintained.",153,car care tips
