46300.0,,46266.0,,46252.0,,46237.0,,46218.0,,46204.0,,46189.0,,46174.0,,46157.0,,46143.0,,46113.0,,46097.0,,46083.0,,46069.0,,46054.0,,46037.0,,46023.0,,46006.0,,45992.0,,45967.0,,45962.0,
Keyword,Average position,Keyword,Average position,Keyword,Average position,Keyword,Average position,Keyword,Average position,Keyword,Average position,Keyword,Average position,Keyword,Average position,Keyword,Average position,Keyword,Average position,Keyword,Average position,Keyword,Average position,Keyword,Average position,Keyword,Average position,Keyword,Average position,Keyword,Average position,Keyword,Average position,Keyword,Average position,Keyword,Average position,Keyword,Average position,Keyword,Average position
car wash at home gurgaon,5.0,car wash and detail,1.0,car ceramic coating near me,7.0,ceramic coating near me,11.5,car wash at home gurgaon,7.0,ceramic coating price gurgaon,3.0,car dry cleaning gurgaon,3.0,car dry cleaning gurgaon,3.0,car dry cleaning gurgaon,3.0,car dry cleaning gurgaon,3.0,car cleaning gurgaon,2.0,car cleaning,10.0,car wash near me,13.0,car washing near me,13.0,car wash near me,10.0,car dry cleaning near me,12.0,car wash near me,48.0,car wash near me,57.0,car washing near me,10.0,car wash at home gurgaon,4.0,car wash at home gurgaon,4.0
ceramic coating near me,10.0,car wash at home gurgaon,5.0,car washing gurgaon,8.0,car dry cleaning gurgaon,3.0,ceramic coating for cars,18.0,ceramic coating near me,9.0,express car wash near me,5.0,car dryclean gurgaon,3.0,car detailing in gurgaon,10.0,car washing gurgaon,8.0,car spa,11.0,car spa,11.0,car dry cleaning gurgaon,6.0,car wash at home gurgaon,5.0,car dry cleaning near me,12.0,car wash at home gurgaon,5.0,detailing near me,8.0,car wash at home gurgaon,5.0,car wash at home gurgaon,5.0,car wash near ne,3.0,car wash near ne,3.0
ceramic coating in gurgaon,2.0,ceramic coating near me,11.33,car heroz,1.0,ceramic coating in gurgaon,2.0,best ceramic coating in gurgaon,3.0,car dry cleaning gurgaon,3.0,car cleaning at home,16.0,car dry cleaning in gurgaon,4.0,car cleaning,23.0,car cleaning services gurgaon,7.0,car dry cleaning price,10.0,car washing price,9.0,car washing,18.0,ceramic coating gurgaon,4.0,car wash at home gurgaon,5.0,car washing price,8.0,car wash near me now,17.0,ceramic coating gurgaon,5.0,car wash gurgaon,7.0,car dry cleaning at doorstep,7.0,car dry cleaning at doorstep,7.0
car dry cleaning gurgaon,3.0,car dry cleaning gurgaon,3.0,car wash in gurgaon,8.0,car interior cleaning,19.0,car wash gurgaon,9.0,car wash near me,19.0,car wash at home gurgaon,7.0,car deep clean,5.0,car dryclean gurgaon,3.0,car dryclean gurgaon,3.0,car wash at home gurgaon,5.0,car wash at home gurgaon,5.0,detailing near me,10.0,ceramic coating price for car,10.0,car washing,13.0,car dry cleaning gurgaon,5.0,ceramic coating near me,10.0,best car detailing near me,8.0,car washing price,6.0,car dry cleaning gurgaon,7.0,car dry cleaning gurgaon,7.0
ceramic coating gurgaon,3.0,ceramic coating in gurgaon,2.0,car detailing in gurgaon,9.0,car wash at home gurgaon,6.0,car cleaning gurgaon,7.0,ceramic coating gurgaon,2.0,car wash gurgaon,9.0,car cleaning services gurgaon,5.0,car dry cleaning in gurgaon,4.0,car wash mear me,9.0,doorstep car wash gurgaon,5.0,ceramic coating in gurgaon,5.0,best car detailing near me,9.0,car deep cleaning services,8.0,car interior cleaning near me,10.0,ceramic coating gurgaon,4.0,car wash at home gurgaon,5.0,car wash gurgaon,7.0,ceramic coating gurgaon,5.0,car washing,17.0,car washing,17.0
car interior cleaning,5.0,car wash near me,20.0,daily car cleaning services gurgaon,8.0,car ceramic coating near me,7.0,car deep cleaning services,12.0,car interior deep cleaning,4.0,car cleaning gurgaon,7.0,car cleaning gurgaon,7.0,car wash gurgaon,10.0,car cleaning gurgaon,3.0,car spa near me,10.0,car deep cleaning,7.0,car wash,8.0,car dry cleaning gurgaon,5.0,car cleaning near me,9.0,car cleaning at home,13.0,car washing near me,9.0,car washing price,6.0,best car detailing near me,8.0,car wash gurgaon,6.0,car wash gurgaon,6.0
car wash near me,22.0,car washing near me,17.0,carheroz,1.0,ceramic coating gurgaon,2.0,car detailing in gurgaon,9.0,express car wash near me,5.0,car deep clean,5.0,car washing gurgaon,8.0,car cleaning services gurgaon,5.0,car dry cleaning in gurgaon,4.0,car washing price,9.0,car wash price,10.0,car deep cleaning,7.0,best car detailing near me,9.0,car dry cleaning gurgaon,5.0,car wash near me now,17.0,car cleaning at home,13.0,detailing near me,12.0,ceramic coating price for car,12.0,ceramic coating gurgaon,5.0,ceramic coating gurgaon,5.0
car ceramic coating near me,7.0,car deep cleaning,6.0,car wash near me,11.0,car wash gurgaon,9.0,car cleaning services gurgaon,4.0,ceramic coating price for car,12.0,car cleaning services gurgaon,4.0,car cleaning services in gurgaon,8.0,car interior cleaning,37.0,daily car cleaning services in gurgaon,1.0,deep cleaning car services near me,8.0,car care services,10.0,ceramic coating gurgaon,8.0,ppf car coating near me,6.0,car wash gurgaon,7.0,car washing,18.0,doorstep car wash gurgaon,4.0,interior cleaning car near me,4.0,doorstep car wash gurgaon,7.0,car washing gurgaon,6.0,car washing gurgaon,6.0
car deep cleaning,6.0,car cleaning gurgaon,2.0,car cleaning at home,43.0,car dryclean gurgaon,2.0,deep cleaning car,8.0,car cleaning at home,16.0,deep cleaning car,8.0,car washing in gurgaon,9.0,car washing,30.0,car washing in gurgaon,8.0,car dryclean gurgaon,4.0,best ceramic coating in gurgaon,4.0,car washing price,11.0,car dry cleaning near me,16.0,car washing price,8.0,doorstep car wash gurgaon,4.0,car wash gurgaon,7.0,car cleaning,17.0,interior cleaning car near me,4.0,car wash in gurgaon,4.0,car wash in gurgaon,4.0
deep car cleaning,4.0,car ceramic coating near me,9.0,car cleaning at home gurgaon,3.0,deep clean car wash,4.0,car washing gurgaon,8.0,car wash at home gurgaon,7.0,car detailing in gurgaon,10.0,car wash gurgaon,10.0,car cleaning gurgaon,3.0,car wash at home gurgaon,5.0,car dry cleaning gurgaon,5.0,car dry cleaning gurgaon,6.0,car washing near me,15.0,car cleaning near me,12.0,car washing near me,8.0,detailing near me,8.0,diy car wash tips,13.0,car dry cleaning gurgaon,5.0,car dry cleaning gurgaon,5.0,car washing price,7.0,car washing price,7.0
car cleaning gurgaon,2.0,deep car cleaning,4.0,car deep cleaning services gurgaon,2.0,car interior deep cleaning,5.0,car coating,24.0,ceramic coating for cars,18.0,car washing gurgaon,8.0,car detailing in gurgaon,10.0,car washing gurgaon,8.0,car was near me,9.0,car deep cleaning,7.0,car washing,16.0,car wash at home gurgaon,5.0,car deep cleaning,7.0,detailing near me,8.0,ceramic coating near me,16.0,car dry cleaning gurgaon,5.0,car cleaning gurgaon,3.0,car cleaning gurgaon,3.0,doorstep car wash gurgaon,4.0,doorstep car wash gurgaon,4.0
car wash near me now,18.0,car wash gurgaon,9.0,car dry cleaning at home gurgaon,1.0,deep car cleaning,4.0,car dryclean gurgaon,10.0,best ceramic coating in gurgaon,3.0,car dry cleaning in gurgaon,4.0,car deep cleaning near me,21.0,car washing in gurgaon,9.0,car cleaning services in gurgaon,5.0,car care services,10.0,car dry cleaning price,10.0,best car wash,8.0,car cleaning gurgaon,4.0,ceramic coating gurgaon,4.0,car cleaning gurgaon,4.0,car washing,18.0,ceramic coating in gurgaon,5.0,ceramic coating in gurgaon,5.0,ceramic coating in gurgaon,7.0,ceramic coating in gurgaon,7.0
deep clean car wash,4.0,car wash near me now,19.0,car dry cleaning in gurgaon,4.0,best ceramic coating in gurgaon,4.0,professional ceramic coating,11.0,car wash gurgaon,9.0,car deep cleaning near me,21.0,car cleaning,23.0,car cleaning services in gurgaon,5.0,car wash in gurgaon,10.0,best ceramic coating in gurgaon,4.0,doorstep car wash gurgaon,5.0,ceramic coating in gurgaon,5.0,car wash gurgaon,7.0,ceramic coating near me,7.0,car wash gurgaon,7.0,car cleaning gurgaon,3.0,deep clean car wash,4.0,deep clean car wash,4.0,car cleaning gurgaon,6.0,car cleaning gurgaon,6.0
car wash gurgaon,9.0,car interior deep cleaning,5.0,ceramic coating gurgaon,2.0,car cleaning services gurgaon,1.0,car wash blog,6.0,car cleaning gurgaon,7.0,car dryclean gurgaon,10.0,car detailing services,24.0,,,brentwood auto spa,4.0,car wash in gurgaon,7.0,car cleaning services,15.0,best ceramic coating in gurgaon,6.0,best car wash,8.0,car cleaning gurgaon,4.0,car deep cleaning services,8.0,car washing price,8.0,doorstep car wash gurgaon,7.0,car cleaning,17.0,car deep cleaning services near me,10.0,car deep cleaning services near me,10.0
ceramic coating price for car,13.0,ceramic coating price for car,13.0,car wash gurgaon,9.0,car cleaning gurgaon,7.0,car washing in gurgaon,10.0,car deep cleaning services,12.0,car cleaning services in gurgaon,8.0,car wash price,27.0,,,,,car cleaning services gurgaon,6.0,ceramic coating gurgaon,8.0,car cleaning gurgaon,8.0,ceramic coating in gurgaon,6.0,car deep cleaning services,8.0,car cleaning near me,18.0,deep clean car wash,4.0,car washing gurgaon,5.0,car washing gurgaon,5.0,best ceramic coating in gurgaon,7.0,best ceramic coating in gurgaon,7.0
car cleaning services gurgaon,1.0,deep clean car wash,4.0,car dryclean gurgaon,2.0,car deep cleaning services,12.0,car wash price,27.0,car detailing in gurgaon,9.0,car washing in gurgaon,10.0,home car wash service,35.0,,,,,car washing gurgaon,9.0,car cleaning gurgaon,8.0,car was near me,9.0,car cleaner near me,12.0,doorstep car wash gurgaon,5.0,ceramic coating in gurgaon,5.0,ceramic coating in gurgaon,5.0,car interior deep cleaning,9.0,car interior deep cleaning,9.0,car washing charges near me,6.0,car washing charges near me,6.0
car interior deep cleaning,5.0,ceramic coating gurgaon,3.0,deep clean car wash,4.0,doorstep car wash gurgaon,7.0,car deep cleaning,9.0,car cleaning services gurgaon,4.0,car wash at home,31.0,car wash service at home,36.0,,,,,car cleaning services in gurgaon,5.0,car wash in gurgaon,7.0,car wash at home near me,14.0,car washing price,11.0,car cleaner near me,12.0,near me car wash,10.0,best car detailing near me,12.0,best ceramic coating in gurgaon,7.0,best ceramic coating in gurgaon,7.0,car cleaning services gurgaon,7.0,car cleaning services gurgaon,7.0
best ceramic coating in gurgaon,4.0,best ceramic coating in gurgaon,4.0,car interior deep cleaning,5.0,car ceramic coating price,20.0,car wash in gurgaon,8.0,deep cleaning car,8.0,home car wash service,31.0,car wash at home,39.0,,,,,car polishing services,6.0,deep cleaning car services near me,8.0,car deep cleaning services near me,11.0,ceramic coating near me,20.0,best car wash near me,14.0,car washing at home,13.0,car washing at home,13.0,car wash in gurgaon,5.0,car wash in gurgaon,5.0,car washing near me price,7.0,car washing near me price,7.0
car cleaning services in gurgaon,6.0,car dryclean gurgaon,2.0,deep car cleaning,4.0,car washing gurgaon,8.0,deep car,2.0,car washing gurgaon,8.0,car cleaning services,29.0,car washing,39.0,,,,,best car wash,17.0,car deep cleaning services near me,11.0,car wash in gurgaon,7.0,car spa,16.0,ceramic coating in gurgaon,6.0,best car detailing near me,12.0,ceramic coating gurgaon,7.0,car deep cleaning services near me,10.0,car deep cleaning services near me,10.0,full car wash price,10.0,full car wash price,10.0
ceramic coating for cars near me,7.0,car detailing in gurgaon,7.0,best ceramic coating in gurgaon,4.0,car heroz,1.0,car ceramic coating price,22.0,car wash in gurgaon,8.0,ceramic paint protection near me,12.0,car cleaning services at home,42.0,,,,,car cleaning doorstep,10.0,car washing gurgaon,8.0,car washing rate,6.0,best ceramic coating in gurgaon,6.0,best car detailing near me,12.0,deep clean car wash,7.0,car washing gurgaon,5.0,ceramic coating for cars price,12.0,ceramic coating for cars price,12.0,car washing rate,9.0,car washing rate,9.0
ceramic coating gurgaon,3.0,car wash in gurgaon,7.0,car cleaning services gurgaon,1.0,car wash in gurgaon,8.0,car coating price,21.0,deep car,2.0,washing car,38.0,car wash,49.0,,,,,car washing in gurgaon,8.0,car washing rate,6.0,car washing gurgaon,8.0,car ceramic coating near me,11.0,near me car wash,10.0,car ceramic coating near me,11.0,car interior deep cleaning,9.0,car cleaning services gurgaon,5.0,car cleaning services gurgaon,5.0,car washing in gurgaon,6.0,car washing in gurgaon,6.0
car deep cleaning services,5.0,car cleaning services in gurgaon,6.0,ceramic coating near me,11.5,car detailing in gurgaon,9.0,full service car wash,7.0,car ceramic coating price,22.0,car washing,51.0,,,,,,,mobile car detailers,8.0,car cleaning services gurgaon,6.0,car deep cleaning near me,18.0,car was near me,9.0,car spa,16.0,car was near me,8.0,car was near me,8.0,car dry cleaning in gurgaon,5.0,car washing in gurgaon,5.0,wash your car,5.0,wash your car,5.0
car dryclean gurgaon,2.0,car deep clean,5.0,car detailing gurgaon,6.0,daily car cleaning services gurgaon,8.0,deep car cleaning,10.0,car coating price,21.0,car wash,50.0,,,,,,,car cleaning near me,31.0,car polishing services,6.0,car detailing gurgaon,14.0,car deep cleaning services near me,11.0,deep clean car wash,7.0,car detailing gurgaon,12.0,car ceramic coating near me,11.0,car washing in gurgaon,6.0,car dry cleaning in gurgaon,5.0,car wash hsr,4.0,car dryclean gurgaon,9.0
doorstep car wash gurgaon,7.0,ceramic coating for cars near me,7.0,home car wash gurgaon,5.0,car dry cleaning in gurgaon,4.0,car dry cleaning in gurgaon,5.0,full service car wash,7.0,,,,,,,,,car cleaner near me,25.0,best car wash,17.0,car cleaning services gurgaon,6.0,car washing,23.0,car ceramic coating near me,11.0,best ceramic coating in gurgaon,7.0,best ceramic coating in gurgaon,7.0,car dryclean gurgaon,9.0,ceramic coating charges,10.0,car dryclean gurgaon,9.0,car washing cost,10.0
car deep clean,5.0,car detailing gurgaon,10.0,car deep clean,3.0,full service car wash,7.0,ceramic coating price gurgaon,3.0,deep car cleaning,10.0,,,,,,,,,ceramic paint protection near me,11.0,car washing in gurgaon,5.0,car polishing services,6.0,car wash at home near me,14.0,car detailing gurgaon,12.0,car deep cleaning,14.0,car deep cleaning,14.0,ceramic coating charges,10.0,car dryclean gurgaon,9.0,car washing cost,10.0,door step car wash,22.0
car cleaning near me,20.0,doorstep car wash gurgaon,7.0,car wash at home in gurgaon,5.0,car washing,25.0,ceramic coating near me,9.0,car dry cleaning in gurgaon,5.0,,,,,,,,,car wash near me prices,24.0,car full wash price,7.0,car wash newr me,10.0,car washing rate,6.0,best ceramic coating in gurgaon,7.0,best car wash near me,18.0,car wash at home,20.0,car cleaning services in gurgaon,5.0,car cleaning services in gurgaon,5.0,car dry cleaning in gurgaon,7.0,car dry cleaning in gurgaon,7.0
car ceramic coating price,4.0,deep cleaning car,9.0,car interior cleaning gurgaon,5.0,professional car wash,11.0,car dry cleaning gurgaon,3.0,car wash near.me,8.0,,,,,,,,,ceramic coating for cars price,27.0,car cleaning services in gurgaon,5.0,car washing in gurgaon,5.0,car detailing gurgaon,14.0,car wash at home near me,14.0,pro car wash,5.0,car detailing gurgaon,12.0,car wash industry trends,10.0,car wash industry trends,9.0,car cleaning services in gurgaon,7.0,car cleaning services in gurgaon,7.0
car detailing in gurgaon,7.0,car wash near ne,9.0,best ppf in gurgaon,7.0,car cleaning,25.0,car wash near me,19.0,car interior cleaning,28.0,,,,,,,,,car water wash,26.0,car ppf,27.0,car full wash price,7.0,car cleaning services gurgaon,6.0,car deep cleaning,14.0,car wash price,16.0,best car wash near me,18.0,car washing,28.0,car wash near me,72.0,car wash blog,7.0,ceramic coating rate,12.0
car detailing gurgaon,10.0,car cleaning services gurgaon,1.0,best car detailing in gurgaon,9.0,car cleaning services in gurgaon,6.0,ceramic coating gurgaon,2.0,auto ceramic coating near me,11.0,,,,,,,,,ceramic coating for car price,37.0,car dryclean gurgaon,9.0,car wash industry trends,10.0,car wash,11.0,pro car wash,5.0,car washing gurgaon,7.0,car wash newr me,8.0,car cleaning near me,28.0,car wash and cleaning near me,9.0,car wash trends,14.0,car wash blog,7.0
deep cleaning car,9.0,detail car wash,10.0,car wash service in gurgaon,7.0,car interior wash price,8.0,car interior deep cleaning,4.0,car washing,27.0,,,,,,,,,interior detailing mobil,40.0,car ceramic coating near me,18.0,car dryclean gurgaon,9.0,car polishing services,6.0,car washing gurgaon,7.0,car wash newr me,8.0,near me car wash,10.0,car spa,24.0,car wash blog,6.0,ceramic coating price gurgaon,6.0,car wash trends,14.0
professional car wash,11.0,professional car wash,11.0,car wash gurgaon near me,4.0,car wash blog,9.0,express car wash near me,5.0,car cleaning services in gurgaon,6.0,,,,,,,,,auto fresh,30.0,car cleaning doorstep,10.0,car cleaning doorstep,10.0,car wash newr me,10.0,car deep cleaning services near me,11.0,car deep cleaning services near me,11.0,car deep cleaning services near me,11.0,car wash and cleaning near me,9.0,ppf coating price gurgaon,9.0,ceramic coating for cars price,37.0,ceramic coating price gurgaon,6.0
car wash near ne,9.0,daily car cleaning services gurgaon,8.0,car dry cleaning gurgaon,3.0,car cleaning services,28.0,ceramic coating price for car,12.0,car coating,24.0,,,,,,,,,mobile car wash,51.0,ppf car,29.0,car spa,23.0,car washing in gurgaon,5.0,car wash near me.,8.0,car wash near me.,8.0,car washing rate,6.0,car cleaner,28.0,car wash at home,32.0,ceramic coating price for car,44.0,car washing service,23.0
car washing,6.0,car dry cleaning in gurgaon,4.0,ceramic coating in gurgaon,2.0,ceramic paint protection near me,9.0,car cleaning at home,16.0,car dryclean gurgaon,10.0,,,,,,,,,car wash at home delhi,51.0,car cleaning service,22.0,car ceramic coating near me,18.0,car wash in gurgaon,9.0,car washing rate,6.0,car washing rate,6.0,car wash in gurgaon,7.0,car wash blog,6.0,ceramic coating price gurgaon,6.0,wash car,39.0,best car washing,27.0
detail car wash,10.0,car spa,23.0,car interior cleaning,19.0,ceramic coating price gurgaon,3.0,car wash near.me,8.0,professional ceramic coating,11.0,,,,,,,,,car wash online,55.0,mobile car detailers,8.0,car interior cleaning near me,25.0,car washing gurgaon,10.0,car wash in gurgaon,8.0,car cleaning services gurgaon,6.0,car cleaning services gurgaon,6.0,ppf coating price gurgaon,9.0,car coating price,33.0,car wash price,50.0,ppf coating price gurgaon,24.0
daily car cleaning services gurgaon,8.0,car interior wash price,9.0,car wash at home gurgaon,6.0,carheroz,1.0,car interior cleaning,28.0,car wash blog,6.0,,,,,,,,,are automatic car washes bad for your car,60.0,car cleaner near me,25.0,mobile car detailers,8.0,car full wash price,7.0,car cleaning services gurgaon,6.0,car wash in gurgaon,8.0,car washing in gurgaon,6.0,car wash near me now,36.0,car deep cleaning near me,33.0,car cleaning at home,57.0,ceramic coating for cars price,37.0
car dry cleaning in gurgaon,4.0,car washing company,11.0,car cleaning gurgaon,7.0,car wash near me,11.0,auto ceramic coating near me,11.0,car washing in gurgaon,10.0,,,,,,,,,ceramic coating car price,63.0,ceramic paint protection near me,11.0,car cleaning service,22.0,car wash industry trends,10.0,car washing in gurgaon,5.0,car washing in gurgaon,5.0,car full wash price,7.0,car deep cleaning near me,33.0,car deep cleaning,31.0,are automatic car washes bad for your car,55.5,ceramic coating price for car,44.0
car cleaning,8.0,car washing gurgaon,11.0,car deep cleaning services,12.0,car cleaning at home,43.0,car washing,27.0,car wash price,27.0,,,,,,,,,mobile car detailing,65.0,car cleaner,32.0,car wash at doorstep,23.0,car wash price,19.0,car polishing services,6.0,car polishing services,6.0,car cleaning service at home,17.0,car deep cleaning,31.0,are car washes bad for your car,37.0,car wash rates,41.0,wash car,39.0
car wash blog,9.0,ceramic cars,9.0,doorstep car wash gurgaon,7.0,car cleaning at home gurgaon,3.0,car cleaning services in gurgaon,6.0,car deep cleaning,9.0,,,,,,,,,daily car cleaning services in gurgaon,9.0,car wash home service,32.0,car cleaner near me,25.0,car deep cleaning near me,21.0,interior car wash near me,11.0,car full wash price,7.0,car dry cleaning in gurgaon,6.0,ceramic coating price gurgaon,6.0,carwash,38.0,vehicle wash near me,51.0,car cleaning at home,57.0
car spa,23.0,car wash blog,9.0,car ceramic coating price,20.0,car deep cleaning services gurgaon,2.0,,,,,,,,,,,,,brentwood auto spa,4.0,car wash near me prices,24.0,ceramic paint protection near me,11.0,car dryclean gurgaon,9.0,car full wash price,7.0,car cleaning service at home,17.0,car dryclean gurgaon,9.0,carwash,38.0,car wash home service,48.0,car washing rate list,55.0,car wash rates,41.0
car interior wash price,9.0,ceramic coating price gurgaon,3.0,full service car wash,7.0,car dry cleaning at home gurgaon,1.0,,,,,,,,,,,,,ceramic coating price gurgaon,8.0,car water wash,26.0,car washing at home,27.0,best car washing,8.0,car wash price,19.0,car wash industry trends,10.0,car wash industry trends,10.0,car wash at home,47.0,car wash at doorstep,50.0,,,car ceramic coating cost,45.0
car washing company,11.0,car wash gurgaon,1.0,car washing,25.0,interior deep cleaning car,9.0,,,,,,,,,,,,,,,ceramic coating for cars price,27.0,car cleaning at home,33.0,car cleaning doorstep,10.0,car wash industry trends,10.0,car cleaning services in gurgaon,5.0,car cleaning services in gurgaon,5.0,are car washes bad for your car,45.0,car home,44.0,,,vehicle wash near me,51.0
car cleaning services,8.0,car wash near me,16.0,professional car wash,11.0,car detailing gurgaon,6.0,,,,,,,,,,,,,,,car ceramic coating price,36.0,car wash price,27.0,car cleaning,25.0,car cleaning services in gurgaon,5.0,car dryclean gurgaon,9.0,car wash at home near me,19.0,car wash home service,48.0,car washing at home,56.0,,,car washing rate list,55.0
car wash in gurgaon,7.0,car deep cleaning near me,4.0,car cleaning,25.0,home car wash gurgaon,5.0,,,,,,,,,,,,,,,washing car,31.0,near me car wash,25.0,mobile car detailers,8.0,car dryclean gurgaon,9.0,car dry cleaning in gurgaon,7.0,ppf coating price gurgaon,9.0,car wash at doorstep,50.0,are automatic car washes bad for your car,56.0,,,,
ceramic cars,9.0,professional car wash,6.0,car cleaning services in gurgaon,6.0,car deep clean,3.0,,,,,,,,,,,,,,,ceramic coating for car price,37.0,car wash service at home,31.0,car wash at doorstep,23.0,car dry cleaning in gurgaon,7.0,car wash near me,29.0,car wash at doorstep,23.0,car home,44.0,car ppf coating,62.0,,,,
ceramic coating near me,13.0,car detailing in gurgaon,1.0,car interior wash price,8.0,car wash at home in gurgaon,5.0,,,,,,,,,,,,,,,interior detailing mobil,40.0,carwash,26.0,ceramic paint protection near me,11.0,interior cleaning car near me,11.0,car cleaning doorstep,10.0,car wash service at home,28.0,car washing at home,56.0,car wash near me now,67.0,,,,
car washing gurgaon,11.0,car dry cleaning gurgaon,2.0,car wash blog,9.0,car interior cleaning gurgaon,5.0,,,,,,,,,,,,,,,are car washes bad for your car,56.0,car wash near me prices,24.0,car washing at home,27.0,car cleaning doorstep,10.0,car wash at home near me,19.0,car deep cleaning near me,28.0,are automatic car washes bad for your car,56.0,car wash near me prices,55.0,,,,
ceramic coating near me,11.0,mobile car detailing,1.0,car cleaning services,28.0,best ppf in gurgaon,7.0,,,,,,,,,,,,,,,carwash,51.0,car water wash,26.0,home car wash,24.0,carwash near me,25.0,mobile car detailers,8.0,car cleaner,33.0,car ppf coating,62.0,car wash price,63.0,,,,
car ceramic coating near me,11.0,car wash gurgaon,9.0,ceramic paint protection near me,9.0,best car detailing in gurgaon,9.0,,,,,,,,,,,,,,,mobile car wash,51.0,car cleaning near me,37.0,near me car wash,25.0,mobile car detailers,8.0,car wash at doorstep,23.0,car cleaning near me,38.0,car wash near me prices,55.0,door step car wash,65.0,,,,
ceramic paint protection near me,7.0,car spa,7.0,ceramic coating price gurgaon,3.0,car wash service in gurgaon,7.0,,,,,,,,,,,,,,,car wash at home delhi,51.0,auto spa,26.0,car wash service at home,31.0,carwash,20.0,ceramic paint protection near me,11.0,best car wash,28.0,car cleaning at home,69.0,car cleaning at home,69.0,,,,
ceramic coating price gurgaon,3.0,car ceramic coating near me,5.0,interior deep cleaning car,9.0,car wash gurgaon near me,4.0,,,,,,,,,,,,,,,car wash online,55.0,car spa near me,19.5,car cleaning at home,35.0,car cleaning at home,29.0,car wash at home,29.0,doorstep car wash near me,35.0,ceramic coating cost,81.0,ceramic coating cost,81.0,,,,
,,car interior cleaning,14.0,,,,,,,,,,,,,,,,,,,are automatic car washes bad for your car,60.0,car clean,30.0,carwash,26.0,car wash at doorstep,23.0,car wash service at home,28.0,washing car,29.0,auto spa mississauga,5.0,auto spa,3.0,,,,
,,car deep cleaning service,4.0,,,,,,,,,,,,,,,,,,,ceramic coating car price,63.0,car wash home service,39.0,ceramic coating car price,29.0,ceramic paint protection near me,11.0,car deep cleaning near me,28.0,ceramic coating price gurgaon,6.0,auto spa,3.0,protect car paint from sun,1.0,,,,
,,deep clean car wash,4.0,,,,,,,,,,,,,,,,,,,mobile car detailing,65.0,car interior cleaning,46.0,auto spa,17.0,car wash home service,28.0,home car wash,24.0,are car washes bad for your car,41.0,protect car paint from sun,1.0,,,,,,
,,car detailing in gurgaon,6.0,,,,,,,,,,,,,,,,,,,auto spa mississauga reviews,4.0,paint protection,52.0,washing car,28.0,car deep cleaning near me,28.0,car cleaner,33.0,car wash service,42.0,how to protect car paint from sun,1.0,,,,,,
,,car wash and detail,6.0,,,,,,,,,,,,,,,,,,,auto fresh,30.0,car ceramic coating price,58.0,car clean,30.0,car washing at home,27.0,car wash home service,33.0,car wash home service,57.0,,,,,,,,
,,car wash at home gurgaon,5.0,,,,,,,,,,,,,,,,,,,daily car cleaning services in gurgaon,9.0,car wash at home delhi,51.0,door step car wash,36.0,car wash at home,32.0,best car wash,28.0,mobile car wash,50.0,,,,,,,,
,,best car care,13.0,,,,,,,,,,,,,,,,,,,ceramic coating price gurgaon,8.0,are automatic car washes bad for your car,60.0,car wash at home,40.0,home car wash,24.0,doorstep car wash near me,35.0,ppf for cars,67.0,,,,,,,,
,,car wash near me now,12.0,,,,,,,,,,,,,,,,,,,,,interior detailing mobil,58.0,car wash home service,39.0,car cleaner,33.0,washing car,29.0,mobile car detailing,65.0,,,,,,,,
,,car cleaning service,16.0,,,,,,,,,,,,,,,,,,,,,car wash industry,61.0,car wash service,42.0,car wash,14.0,door step car wash,36.0,are automatic car washes bad for your car,71.0,,,,,,,,
,,doorstep car wash,16.0,,,,,,,,,,,,,,,,,,,,,ceramic coating car price,63.0,paint protection,52.0,best car wash,28.0,car wash,19.0,car wash,35.0,,,,,,,,
,,ceramic coating gurgaon,1.0,,,,,,,,,,,,,,,,,,,,,mobile car detailing,65.0,car wash at home delhi,51.0,ceramic coating car price,29.0,car wash service,42.0,auto spa mississauga reviews,4.0,,,,,,,,
,,car cleaning at doorstep,12.0,,,,,,,,,,,,,,,,,,,,,mobile car wash,69.0,are automatic car washes bad for your car,60.0,washing car,28.0,are car washes bad for your car,50.0,daily car cleaning services in gurgaon,9.0,,,,,,,,
,,ceramic coating in gurgaon,2.0,,,,,,,,,,,,,,,,,,,,,are car washes bad for your car,90.0,interior detailing mobil,58.0,door step car wash,36.0,mobile car wash,50.0,auto spa near me,2.0,,,,,,,,
,,premium car spa,7.0,,,,,,,,,,,,,,,,,,,,,kearny auto spa,1.0,car wash industry,61.0,car clean,30.0,car wash at home delhi,51.0,how to protect car paint from sun,1.0,,,,,,,,
,,detail car wash,17.0,,,,,,,,,,,,,,,,,,,,,auto spa mississauga reviews,4.0,mobile car detailing,65.0,car wash service,42.0,ppf for cars,67.0,,,,,,,,,,
,,ceramic coating for cars price,12.0,,,,,,,,,,,,,,,,,,,,,auto fresh,56.0,mobile car wash,69.0,are car washes bad for your car,50.0,mobile car detailing,65.0,,,,,,,,,,
,,detail car wash near me,15.0,,,,,,,,,,,,,,,,,,,,,car auto spa,6.0,car spa near me,3.0,paint protection,52.0,are automatic car washes bad for your car,71.0,,,,,,,,,,
,,professional car wash,23.0,,,,,,,,,,,,,,,,,,,,,daily car cleaning services in gurgaon,9.0,auto spa mississauga reviews,4.0,mobile car wash,50.0,auto spa mississauga reviews,4.0,,,,,,,,,,
,,deep clean car interior,4.0,,,,,,,,,,,,,,,,,,,,,ceramic coating price gurgaon,8.0,auto fresh,56.0,car wash at home delhi,51.0,daily car cleaning services in gurgaon,9.0,,,,,,,,,,
,,best car cleaner,27.0,,,,,,,,,,,,,,,,,,,,,best car wash near me,18.0,car auto spa,6.0,ppf for cars,67.0,auto spa near me,2.0,,,,,,,,,,
,,car dry cleaning at doorstep,10.0,,,,,,,,,,,,,,,,,,,,,car wash newr me,8.0,atlanta auto spa,2.0,car wash industry,61.0,ceramic coating price gurgaon,8.0,,,,,,,,,,
,,deep clean car wash,13.0,,,,,,,,,,,,,,,,,,,,,near me car wash,10.0,daily car cleaning services in gurgaon,9.0,mobile car detailing,65.0,auto soa,7.0,,,,,,,,,,
,,new car spa,12.0,,,,,,,,,,,,,,,,,,,,,car cleaning services gurgaon,5.0,auto spa near me,2.0,are automatic car washes bad for your car,71.0,,,,,,,,,,,,
,,crystal car wash,26.0,,,,,,,,,,,,,,,,,,,,,car dry cleaning in gurgaon,5.0,car spa car wash,7.0,car spa near me,3.0,,,,,,,,,,,,
,,car heroes,3.0,,,,,,,,,,,,,,,,,,,,,car washing in gurgaon,6.0,ceramic coating price gurgaon,8.0,auto spa mississauga reviews,4.0,,,,,,,,,,,,
,,car bath,27.0,,,,,,,,,,,,,,,,,,,,,car dryclean gurgaon,9.0,auto soa,7.0,daily car cleaning services in gurgaon,9.0,,,,,,,,,,,,
,,car wash interior cleaning,8.0,,,,,,,,,,,,,,,,,,,,,auto spa mississauga reviews,4.0,,,auto spa near me,2.0,,,,,,,,,,,,
,,expert car wash,16.0,,,,,,,,,,,,,,,,,,,,,daily car cleaning services in gurgaon,9.0,,,car spa car wash,7.0,,,,,,,,,,,,
,,deep car,8.0,,,,,,,,,,,,,,,,,,,,,car cleaning services in gurgaon,5.0,,,ceramic coating price gurgaon,8.0,,,,,,,,,,,,
,,car wash and,6.0,,,,,,,,,,,,,,,,,,,,,car dryclean gurgaon,9.0,,,auto soa,7.0,,,,,,,,,,,,
,,car wash gurgaon,21.0,,,,,,,,,,,,,,,,,,,,,,,,,,,,,,,,,,,,,,
,,clean my car,15.0,,,,,,,,,,,,,,,,,,,,,,,,,,,,,,,,,,,,,,
,,ceramic coating gurgaon,47.0,,,,,,,,,,,,,,,,,,,,,,,,,,,,,,,,,,,,,,
,,carworkz,64.0,,,,,,,,,,,,,,,,,,,,,,,,,,,,,,,,,,,,,,
,,door to door car wash,30.0,,,,,,,,,,,,,,,,,,,,,,,,,,,,,,,,,,,,,,
,,door to door car wash,31.0,,,,,,,,,,,,,,,,,,,,,,,,,,,,,,,,,,,,,,
,,ceramic coating car cost,14.0,,,,,,,,,,,,,,,,,,,,,,,,,,,,,,,,,,,,,,
,,autoflipz,31.0,,,,,,,,,,,,,,,,,,,,,,,,,,,,,,,,,,,,,,
,,car care shop,13.0,,,,,,,,,,,,,,,,,,,,,,,,,,,,,,,,,,,,,,
,,door to door car wash near me,19.0,,,,,,,,,,,,,,,,,,,,,,,,,,,,,,,,,,,,,,
,,car wash offers,29.0,,,,,,,,,,,,,,,,,,,,,,,,,,,,,,,,,,,,,,
,,car washing point near me,48.0,,,,,,,,,,,,,,,,,,,,,,,,,,,,,,,,,,,,,,
,,car dry cleaning gurgaon,25.0,,,,,,,,,,,,,,,,,,,,,,,,,,,,,,,,,,,,,,
,,car dry cleaning gurgaon,45.0,,,,,,,,,,,,,,,,,,,,,,,,,,,,,,,,,,,,,,
,,home auto detailing,15.0,,,,,,,,,,,,,,,,,,,,,,,,,,,,,,,,,,,,,,
,,camper detailing,36.0,,,,,,,,,,,,,,,,,,,,,,,,,,,,,,,,,,,,,,
,,car deep cleaning service,22.0,,,,,,,,,,,,,,,,,,,,,,,,,,,,,,,,,,,,,,
,,car wash website,53.0,,,,,,,,,,,,,,,,,,,,,,,,,,,,,,,,,,,,,,
,,cleanz car wash,8.0,,,,,,,,,,,,,,,,,,,,,,,,,,,,,,,,,,,,,,
,,cleanz car wash,9.0,,,,,,,,,,,,,,,,,,,,,,,,,,,,,,,,,,,,,,
,,cheap car wash,37.0,,,,,,,,,,,,,,,,,,,,,,,,,,,,,,,,,,,,,,
,,car wash man,25.0,,,,,,,,,,,,,,,,,,,,,,,,,,,,,,,,,,,,,,
,,deep clean car wash,30.0,,,,,,,,,,,,,,,,,,,,,,,,,,,,,,,,,,,,,,
,,car wash company,18.0,,,,,,,,,,,,,,,,,,,,,,,,,,,,,,,,,,,,,,
,,car wash company,35.0,,,,,,,,,,,,,,,,,,,,,,,,,,,,,,,,,,,,,,
,,ceramic car,29.0,,,,,,,,,,,,,,,,,,,,,,,,,,,,,,,,,,,,,,
,,quick car wash,23.0,,,,,,,,,,,,,,,,,,,,,,,,,,,,,,,,,,,,,,
,,pro car wash,25.0,,,,,,,,,,,,,,,,,,,,,,,,,,,,,,,,,,,,,,
,,car grooming,28.0,,,,,,,,,,,,,,,,,,,,,,,,,,,,,,,,,,,,,,
,,car cleaning at home delhi,23.0,,,,,,,,,,,,,,,,,,,,,,,,,,,,,,,,,,,,,,
,,mobile car detailing,19.0,,,,,,,,,,,,,,,,,,,,,,,,,,,,,,,,,,,,,,
,,auto mobile detailing,16.0,,,,,,,,,,,,,,,,,,,,,,,,,,,,,,,,,,,,,,
,,ceramic coating in gurgaon,43.0,,,,,,,,,,,,,,,,,,,,,,,,,,,,,,,,,,,,,,
,,car heroes,58.0,,,,,,,,,,,,,,,,,,,,,,,,,,,,,,,,,,,,,,
,,vehicle cleaning,25.0,,,,,,,,,,,,,,,,,,,,,,,,,,,,,,,,,,,,,,
,,clean car,27.0,,,,,,,,,,,,,,,,,,,,,,,,,,,,,,,,,,,,,,
,,doorstep car wash gurgaon,10.0,,,,,,,,,,,,,,,,,,,,,,,,,,,,,,,,,,,,,,
,,ceramic coating price for car,13.0,,,,,,,,,,,,,,,,,,,,,,,,,,,,,,,,,,,,,,
,,car wash near ne,18.0,,,,,,,,,,,,,,,,,,,,,,,,,,,,,,,,,,,,,,
,,carzspa gurgaon,23.0,,,,,,,,,,,,,,,,,,,,,,,,,,,,,,,,,,,,,,
,,clean car wash,22.0,,,,,,,,,,,,,,,,,,,,,,,,,,,,,,,,,,,,,,
,,car salon,21.0,,,,,,,,,,,,,,,,,,,,,,,,,,,,,,,,,,,,,,
,,zeco doorstep car wash,27.0,,,,,,,,,,,,,,,,,,,,,,,,,,,,,,,,,,,,,,
,,deep clean car interior,1.0,,,,,,,,,,,,,,,,,,,,,,,,,,,,,,,,,,,,,,
,,mobile vehicle detailing,20.0,,,,,,,,,,,,,,,,,,,,,,,,,,,,,,,,,,,,,,
,,auto clean car wash,40.0,,,,,,,,,,,,,,,,,,,,,,,,,,,,,,,,,,,,,,
,,online car cleaning services,34.0,,,,,,,,,,,,,,,,,,,,,,,,,,,,,,,,,,,,,,
,,professional ceramic coating for cars,19.0,,,,,,,,,,,,,,,,,,,,,,,,,,,,,,,,,,,,,,
,,autoz spa,18.0,,,,,,,,,,,,,,,,,,,,,,,,,,,,,,,,,,,,,,
,,car care car wash,28.0,,,,,,,,,,,,,,,,,,,,,,,,,,,,,,,,,,,,,,
,,autofresh,30.0,,,,,,,,,,,,,,,,,,,,,,,,,,,,,,,,,,,,,,
,,best car care,44.0,,,,,,,,,,,,,,,,,,,,,,,,,,,,,,,,,,,,,,
,,autozone car wash,26.0,,,,,,,,,,,,,,,,,,,,,,,,,,,,,,,,,,,,,,
,,cost of ceramic coating for cars,14.0,,,,,,,,,,,,,,,,,,,,,,,,,,,,,,,,,,,,,,
,,le car wash,23.0,,,,,,,,,,,,,,,,,,,,,,,,,,,,,,,,,,,,,,
,,a2z car care,36.0,,,,,,,,,,,,,,,,,,,,,,,,,,,,,,,,,,,,,,
,,car carez,23.0,,,,,,,,,,,,,,,,,,,,,,,,,,,,,,,,,,,,,,
,,car water wash price,44.0,,,,,,,,,,,,,,,,,,,,,,,,,,,,,,,,,,,,,,
,,mobile detailing car,24.0,,,,,,,,,,,,,,,,,,,,,,,,,,,,,,,,,,,,,,
,,car wash at home gurgaon,27.0,,,,,,,,,,,,,,,,,,,,,,,,,,,,,,,,,,,,,,
,,auto detailing mobile,18.0,,,,,,,,,,,,,,,,,,,,,,,,,,,,,,,,,,,,,,
,,the car wash company,33.0,,,,,,,,,,,,,,,,,,,,,,,,,,,,,,,,,,,,,,
,,carkeepers,19.0,,,,,,,,,,,,,,,,,,,,,,,,,,,,,,,,,,,,,,
,,car care delhi,51.0,,,,,,,,,,,,,,,,,,,,,,,,,,,,,,,,,,,,,,
,,mobile car wash business,35.0,,,,,,,,,,,,,,,,,,,,,,,,,,,,,,,,,,,,,,
,,mobile car wash service,20.0,,,,,,,,,,,,,,,,,,,,,,,,,,,,,,,,,,,,,,
,,deep car,9.0,,,,,,,,,,,,,,,,,,,,,,,,,,,,,,,,,,,,,,
,,inside car cleaning,17.0,,,,,,,,,,,,,,,,,,,,,,,,,,,,,,,,,,,,,,
,,car clean car wash,20.0,,,,,,,,,,,,,,,,,,,,,,,,,,,,,,,,,,,,,,
,,car wash and clean,23.0,,,,,,,,,,,,,,,,,,,,,,,,,,,,,,,,,,,,,,
,,car wash prices list near me,23.0,,,,,,,,,,,,,,,,,,,,,,,,,,,,,,,,,,,,,,
,,refreshed car care,16.0,,,,,,,,,,,,,,,,,,,,,,,,,,,,,,,,,,,,,,
,,refreshed car care,46.0,,,,,,,,,,,,,,,,,,,,,,,,,,,,,,,,,,,,,,
,,car mobile detailing,23.0,,,,,,,,,,,,,,,,,,,,,,,,,,,,,,,,,,,,,,
,,car wash gurgaon,40.0,,,,,,,,,,,,,,,,,,,,,,,,,,,,,,,,,,,,,,
,,car care wash,20.0,,,,,,,,,,,,,,,,,,,,,,,,,,,,,,,,,,,,,,
,,auto spa car care,17.0,,,,,,,,,,,,,,,,,,,,,,,,,,,,,,,,,,,,,,
,,sd car care,15.0,,,,,,,,,,,,,,,,,,,,,,,,,,,,,,,,,,,,,,
,,ultimate detailerz,35.0,,,,,,,,,,,,,,,,,,,,,,,,,,,,,,,,,,,,,,
,,clean car car wash,34.0,,,,,,,,,,,,,,,,,,,,,,,,,,,,,,,,,,,,,,
,,daily car cleaning services,45.0,,,,,,,,,,,,,,,,,,,,,,,,,,,,,,,,,,,,,,
,,highway car care,15.0,,,,,,,,,,,,,,,,,,,,,,,,,,,,,,,,,,,,,,
