,,,,,,,,
,SEO Projection,,,,,,,
,KPIs,Current,45991.0,45992.0,46053.0,46054.0,46112.0,46142.0
,Spam Score,0.01,0.01,0.01,0.01,0.01,0.01,0.01
,Total Backlinks,222.0,235.0,255.0,285.0,315.0,345.0,380.0
,Total Referring domains,62.0,65.0,70.0,80.0,100.0,120.0,150.0
,Monthly Organic traffic,426.0,440.0,470.0,520.0,600.0,700.0,850.0
,Total Organic Keywords in Ranking,47.0,50.0,55.0,65.0,80.0,95.0,120.0
,,,,,,,,
,SEO Projection,,,,,,,
,KPIs,Current,46143.0,46174.0,46204.0,46235.0,46266.0,46296.0
,Spam Score,0.01,0.01,0.01,0.01,0.01,0.01,0.01
,Total Backlinks,507.0,530.0,560.0,600.0,650.0,700.0,760.0
,Total Referring domains,189.0,198.0,208.0,219.0,231.0,244.0,258.0
,Monthly Organic traffic,222.0,250.0,300.0,360.0,410.0,500.0,600.0
,Total Organic Keywords in Ranking,12.0,15.0,20.0,30.0,50.0,80.0,120.0
