SEO Metrics,46295.0,46265.0,46234.0,46203.0,46173.0,46142.0,46112.0,46081.0,46053.0,46022.0,45991.0,45961.0,45930.0,45900.0
DA,9.0,11.0,11.0,11.0,11.0,11.0,10.0,14.0,14.0,14.0,7.0,6.0,6.0,6.0
Spam Score,0.01,0.01,0.01,0.01,0.01,0.01,0.01,0.01,0.01,0.01,0.01,0.01,0.01,0.01
Total Backlinks,1.5k,1K+,1K+,855.0,759.0,507.0,441.0,410.0,252.0,245.0,231.0,222.0,225.0,236.0
Total Referring Domains,1.1k,594.0,551.0,406.0,325.0,189.0,169.0,134.0,79.0,71.0,65.0,62.0,63.0,67.0
Total Monthly traffic,210.0,1056.0,1101.0,752.0,610.0,513.0,669.0,969.0,1259.0,1330.0,1595.0,1264.0,810.0,621.0
Organic Monthly traffic,200.0,585.0,522.0,438.0,344.0,222.0,342.0,622.0,575.0,547.0,514.0,426.0,560.0,433.0
Total Organic Keywords in Ranking,47.0,162.0,50.0,38.0,21.0,12.0,40.0,80.0,80.0,64.0,52.0,39.0,47.0,75.0
Total Keywords in Top 10,18.0,59.0,40.0,25.0,11.0,9.0,23.0,39.0,39.0,34.0,30.0,29.0,23.0,Data not available
Total Keywords in Top 20,39.0,104.0,46.0,32.0,11.0,10.0,26.0,59.0,57.0,48.0,33.0,32.0,26.0,""""
Total Keywords in 50,51.0,158.0,50.0,38.0,21.0,12.0,34.0,75.0,74.0,60.0,43.0,38.0,35.0,""""
,,,,,,,,,,,,,,
,Channel group,Users,,Change (%),Sessions,,Change (%),Engaged sessions,,Change (%),Average engagement time per User,,Change (%),
,,46266.0,46265.0,,46266.0,46265.0,,46266.0,46265.0,,46266.0,46265.0,,
,Organic Search,582.0,569.0,0.02284710018,765.0,689.0,0.1103047896,491.0,433.0,0.1339491917,49.0,47.0,0.04255319149,
,Direct,545.0,430.0,0.2674418605,573.0,453.0,0.2649006623,75.0,45.0,0.6666666667,11.0,4.0,1.75,
,Referral,23.0,16.0,0.4375,27.0,26.0,0.03846153846,18.0,17.0,0.05882352941,8.0,23.0,-0.652173913,
,Organic Social,29.0,11.0,1.636363636,31.0,11.0,1.818181818,24.0,7.0,2.428571429,30.0,2.0,14,
,,,,,,,,,,,,,,
,Channel group,Users,,Change (%),Sessions,,Change (%),Engaged sessions,,Change (%),Average engagement time per User,,Change (%),
,,46265.0,46234.0,,46265.0,46234.0,,46265.0,46234.0,,46265.0,46234.0,,
,Organic Search,585.0,522.0,0.1206896552,707.0,672.0,0.05208333333,446.0,412.0,0.08252427184,57.0,73.0,-0.2191780822,
,Direct,440.0,524.0,-0.1603053435,463.0,533.0,-0.1313320826,47.0,42.0,0.119047619,5.0,5.0,0,
,Referral,16.0,24.0,-0.3333333333,26.0,33.0,-0.2121212121,17.0,15.0,0.1333333333,37.0,13.0,1.846153846,
,Organic Social,12.0,25.0,-0.52,12.0,29.0,-0.5862068966,8.0,22.0,-0.6363636364,2.0,25.0,-0.92,
,,,,,,,,,,,,,,
,Channel group,Users,,Change (%),Sessions,,Change (%),Engaged sessions,,Change (%),Average engagement time per User,,Change (%),
,,46234.0,46203.0,,46234.0,46203.0,,46234.0,46203.0,,46234.0,46203.0,,
,Organic Search,522.0,438.0,0.1917808219,672.0,630.0,0.06666666667,412.0,400.0,0.03,73.0,67.0,0.08955223881,
,Direct,524.0,261.0,1.007662835,533.0,266.0,1.003759398,42.0,39.0,0.07692307692,5.0,14.0,-0.6428571429,
,Referral,24.0,21.0,0.1428571429,33.0,32.0,0.03125,15.0,17.0,-0.1176470588,13.0,86.0,-0.8488372093,
,Organic Social,25.0,28.0,-0.1071428571,29.0,27.0,0.07407407407,22.0,15.0,0.4666666667,25.0,6.0,3.166666667,
,,,,,,,,,,,,,,
,Channel group,Users,,Change (%),Sessions,,Change (%),Engaged sessions,,Change (%),Average engagement time per User,,Change (%),
,,46203.0,46173.0,,46203.0,46173.0,,46203.0,46173.0,,46203.0,46173.0,,
,Organic Search,438.0,344.0,0.273255814,630.0,444.0,0.4189189189,400.0,309.0,0.2944983819,67.0,51.0,0.3137254902,
,Direct,261.0,224.0,0.1651785714,266.0,235.0,0.1319148936,39.0,27.0,0.4444444444,14.0,18.0,-0.2222222222,
,Organic Social,28.0,29.0,-0.03448275862,27.0,30.0,-0.1,15.0,17.0,-0.1176470588,6.0,27.0,-0.7777777778,
,Referral,21.0,11.0,0.9090909091,32.0,18.0,0.7777777778,17.0,8.0,1.125,86.0,56.0,0.5357142857,
,,,,,,,,,,,,,,
,Channel group,Users,,Change (%),Sessions,,Change (%),Engaged sessions,,Change (%),Average engagement time per User,,Change (%),
,,46173.0,46142.0,,46173.0,46142.0,,46173.0,46142.0,,46173.0,46142.0,,
,Organic Search,344.0,222.0,0.5495495495,444.0,331.0,0.3413897281,309.0,224.0,0.3794642857,51.0,75.0,-0.32,
,Direct,224.0,240.0,-0.06666666667,235.0,243.0,-0.0329218107,27.0,48.0,-0.4375,18.0,20.0,-0.1,
,Organic Social,29.0,33.0,-0.1212121212,30.0,33.0,-0.09090909091,17.0,14.0,0.2142857143,27.0,34.0,-0.2058823529,
,Referral,11.0,12.0,-0.08333333333,18.0,17.0,0.05882352941,8.0,8.0,0,56.0,9.0,5.222222222,
,,,,,,,,,,,,,,
,Channel group,Users,,Change (%),Sessions,,Change (%),Engaged sessions,,Change (%),Average engagement time per User,,Change (%),
,,46142.0,46112.0,,46142.0,46112.0,,46142.0,46112.0,,46142.0,46112.0,,
,Organic Search,222.0,342.0,-0.350877193,331.0,445.0,-0.2561797753,224.0,269.0,-0.1672862454,75.0,55.0,0.3636363636,
,Direct,240.0,265.0,-0.09433962264,243.0,264.0,-0.07954545455,48.0,33.0,0.4545454545,20.0,11.0,0.8181818182,
,Organic Social,33.0,38.0,-0.1315789474,33.0,40.0,-0.175,14.0,21.0,-0.3333333333,34.0,18.0,0.8888888889,
,Referral,12.0,18.0,-0.3333333333,17.0,25.0,-0.32,8.0,11.0,-0.2727272727,9.0,22.0,-0.5909090909,
,,,,,,,,,,,,,,
,Channel group,Users,,Change (%),Sessions,,Change (%),Engaged sessions,,Change (%),Average engagement time per User,,Change (%),
,,46112.0,46081.0,,46112.0,46081.0,,46112.0,46081.0,,46112.0,46081.0,,
,Organic Search,342.0,622.0,-0.4501607717,445.0,866.0,-0.4861431871,269.0,403.0,-0.3325062035,55.0,37.0,0.4864864865,
,Direct,265.0,265.0,0,264.0,307.0,-0.1400651466,33.0,59.0,-0.4406779661,11.0,10.0,0.1,
,Organic Social,38.0,67.0,-0.4328358209,40.0,74.0,-0.4594594595,21.0,33.0,-0.3636363636,18.0,9.0,1,
,Referral,18.0,12.0,0.5,25.0,16.0,0.5625,11.0,7.0,0.5714285714,22.0,8.0,1.75,
,,,,,,,,,,,,,,
,Channel group,Users,,Change (%),Sessions,,Change (%),Engaged sessions,,Change (%),Average engagement time per User,,Change (%),
,,46081.0,46023.0,,46081.0,46023.0,,46081.0,46023.0,,46081.0,46023.0,,
,Organic Search,622.0,575.0,0.08173913043,866.0,770.0,0.1246753247,403.0,430.0,-0.06279069767,37.0,46.0,-0.1956521739,
,Direct,265.0,493.0,-0.462474645,307.0,527.0,-0.4174573055,59.0,117.0,-0.4957264957,10.0,10.0,0,
,Organic Social,67.0,170.0,-0.6058823529,74.0,195.0,-0.6205128205,33.0,110.0,-0.7,9.0,16.0,-0.4375,
,Referral,12.0,17.0,-0.2941176471,16.0,34.0,-0.5294117647,7.0,22.0,-0.6818181818,8.0,10.0,-0.2,
,,,,,,,,,,,,,,
,Channel group,Users,,Change (%),Sessions,,Change (%),Engaged sessions,,Change (%),Average engagement time per User,,Change (%),
,,46023.0,December,,46023.0,December,,46023.0,December,,46023.0,December,,
,Organic Search,575.0,547.0,0.05118829982,770.0,720.0,0.06944444444,430.0,446.0,-0.03587443946,46.0,51.0,-0.09803921569,
,Direct,493.0,525.0,-0.06095238095,527.0,558.0,-0.05555555556,117.0,130.0,-0.1,10.0,12.0,-0.1666666667,
,Organic Social,170.0,228.0,-0.2543859649,195.0,236.0,-0.1737288136,110.0,140.0,-0.2142857143,16.0,17.0,-0.05882352941,
,Referral,17.0,24.0,-0.2916666667,34.0,65.0,-0.4769230769,22.0,31.0,-0.2903225806,10.0,11.0,-0.09090909091,
,,,,,,,,,,,,,,
,Channel group,Users,,Change (%),Sessions,,Change (%),Engaged sessions,,Change (%),Average engagement time per User,,Change (%),
,,December,November,,December,November,,December,November,,December,November,,
,Organic Search,547.0,514.0,0.06420233463,720.0,695.0,0.03597122302,446.0,432.0,0.03240740741,51.0,36.2298625,0.4076785414,
,Direct,525.0,783.0,-0.3295019157,558.0,867.0,-0.3564013841,130.0,214.0,-0.3925233645,12.0,16.5410256,-0.2745310787,
,Organic Social,228.0,268.0,-0.1492537313,236.0,293.0,-0.1945392491,140.0,185.0,-0.2432432432,17.0,18.0970149,-0.06061855538,
,Referral,24.0,29.0,-0.1724137931,65.0,69.0,-0.05797101449,31.0,37.0,-0.1621621622,11.0,30.6896552,-0.641573034,
,,,,,,,,,,,,,,
,Channel group,Users,,Change (%),Sessions,,Change (%),Engaged sessions,,Change (%),Average engagement time per User,,Change (%),
,,November,October,,November,October,,November,October,,November,October,,
,Direct,783.0,611.0,0.2815057283,867.0,646.0,0.3421052632,214.0,81.0,1.641975309,16.5410256,11.0874587,0.4918680689,
,Organic Search,514.0,426.0,0.20657277,695.0,567.0,0.2257495591,432.0,330.0,0.3090909091,36.2298625,40.514218,-0.105749431,
,Organic Social,268.0,127.0,1.11023622,293.0,139.0,1.107913669,185.0,104.0,0.7788461538,18.0970149,11.8267717,0.5301736906,
,Referral,29.0,12.0,1.416666667,69.0,44.0,0.5681818182,37.0,31.0,0.1935483871,30.6896552,37.5,-0.1816091947,
,,,,,,,,,,,,,,
,Channel group,Users,,Change (%),Sessions,,Change (%),Engaged sessions,,Change (%),Average engagement time per User,,Change (%),
,,October,September,,October,September,,October,September,,October,September,,
,Direct,611.0,171.0,2.573099415,646.0,196.0,2.295918367,81.0,73.0,0.1095890411,11.0874587,30.9590643,-0.6418671252,
,Organic Search,426.0,560.0,-0.2392857143,567.0,711.0,-0.2025316456,330.0,413.0,-0.200968523,40.514218,46.2571942,-0.1241531463,
,Organic Social,127.0,62.0,1.048387097,139.0,74.0,0.8783783784,104.0,55.0,0.8909090909,11.8267717,22.1935484,-0.4671076708,
,Referral,12.0,14.0,-0.1428571429,44.0,70.0,-0.3714285714,31.0,48.0,-0.3541666667,37.5,58.2857143,-0.3566176472,
,,,,,,,,,,,,,,
,Channel group,Users,,Change (%),Sessions,,Change (%),Engaged sessions,,Change (%),Average engagement time per User,,Change (%),
,,September,August,,September,August,,September,August,,September,August,,
,Organic Search,560.0,433.0,0.2933025404,711.0,625.0,0.1376,413.0,350.0,0.18,46.2571942,42.5734266,0.08652739265,
,Direct,171.0,125.0,0.368,196.0,143.0,0.3706293706,73.0,50.0,0.46,30.9590643,39.5403226,-0.2170255004,
,Organic Social,62.0,56.0,0.1071428571,74.0,72.0,0.02777777778,55.0,42.0,0.3095238095,22.1935484,19.1607143,0.158283979,
,Referral,14.0,4.0,2.5,70.0,132.0,-0.4696969697,48.0,25.0,0.92,58.2857143,62.0,-0.05990783387,
