Date,46293.0,46279.0,46272.0,46265.0,46258.0,46251.0,46244.0,46237.0,46230.0,46223.0,46216.0,46209.0,46202.0,46195.0,46188.0,46181.0,46174.0,46167.0,46160.0,46153.0,46146.0,46139.0,46132.0,46125.0,46118.0,46111.0,46104.0,46097.0,46090.0,46083.0,46076.0,46069.0,46062.0,46055.0,46048.0,46041.0,46034.0,46027.0,46020.0,46013.0,46006.0,45999.0,45992.0,45985.0,45978.0,45971.0,45964.0,45959.0
Domain Authhority (DA),11.0,10.0,10.0,11.0,11.0,11.0,11.0,11.0,11.0,11.0,11.0,11.0,11.0,11.0,11.0,11.0,11.0,11.0,11.0,11.0,11.0,11.0,11.0,11.0,10.0,10.0,10.0,10.0,15.0,15.0,15.0,15.0,15.0,15.0,14.0,13.0,13.0,14.0,14.0,11.0,9.0,9.0,7.0,7.0,7.0,6.0,6.0,6.0
Page Authority (PA),33.0,32.0,32.0,32.0,31.0,28.0,28.0,28.0,28.0,28.0,28.0,28.0,28.0,28.0,28.0,28.0,28.0,28.0,28.0,28.0,28.0,28.0,28.0,28.0,28.0,28.0,28.0,28.0,28.0,28.0,28.0,27.0,27.0,27.0,26.0,25.0,25.0,25.0,25.0,21.0,20.0,20.0,20.0,20.0,20.0,20.0,20.0,20.0
Total Backlinks Count,2.2k,937+,901+,1K+,1K+,1.1K+,1K+,1K+,971.0,926.0,897.0,890.0,855.0,816.0,794.0,774.0,759.0,712.0,644.0,574.0,527.0,497.0,494.0,475.0,452.0,424.0,408.0,379.0,427.0,410.0,314.0,281.0,264.0,252.0,244.0,238.0,252.0,246.0,245.0,245.0,240.0,242.0,231.0,232.0,232.0,222.0,222.0,225.0
Refrerring Domains,386.0,522+,507+,594.0,594.0,612.0,591.0,551.0,522.0,479.0,458.0,444.0,406.0,373.0,350.0,338.0,325.0,298.0,248.0,231.0,199.0,183.0,177.0,172.0,170.0,167.0,160.0,145.0,138.0,134.0,123.0,108.0,94.0,79.0,70.0,68.0,74.0,71.0,71.0,68.0,57.0,71.0,65.0,65.0,65.0,62.0,62.0,63.0
Total Ranking Keywords,127.0,157.0,162.0,50.0,50.0,50.0,50.0,50.0,45.0,45.0,45.0,41.0,38.0,32.0,22.0,21.0,21.0,17.0,13.0,12.0,12.0,12.0,20.0,30.0,36.0,47.0,49.0,63.0,80.0,80.0,73.0,77.0,80.0,80.0,73.0,71.0,68.0,66.0,58.0,54.0,54.0,52.0,52.0,55.0,39.0,42.0,42.0,47.0
,,,,,,,,,,,,,,,,,,,,,,,,,,,,,,,,,,,,,,,,,,,,,,,,
,,,,,,,,,,,,,,,,,,,,,,,,,,,,,,,,,,,,,,,,,,,,,,,,
,Channel group,Users,,Change (%),Sessions,,Change (%),Engaged sessions,,Change (%),Average engagement time per user,,Change (%),,,,,,,,,,,,,,,,,,,,,,,,,,,,,,,,,,,
,,21 Sep - 27 Sep,14 Sep - 20 Sep,,21 Sep - 27 Sep,14 Sep - 20 Sep,,21 Sep - 27 Sep,14 Sep - 20 Sep,,21 Sep - 27 Sep,14 Sep - 20 Sep,,,,,,,,,,,,,,,,,,,,,,,,,,,,,,,,,,,,
,Direct,187.0,104.0,0.7980769231,194.0,110.0,0.7636363636,32.0,12.0,1.666666667,20.0,6.0,2.333333333,,,,,,,,,,,,,,,,,,,,,,,,,,,,,,,,,,,
,Organic Social,10.0,6.0,0.6666666667,10.0,7.0,0.4285714286,6.0,7.0,-0.1428571429,8.0,47.0,-0.829787234,,,,,,,,,,,,,,,,,,,,,,,,,,,,,,,,,,,
,Organic Search,171.0,93.0,0.8387096774,238.0,111.0,1.144144144,156.0,65.0,1.4,35.0,33.0,0.06060606061,,,,,,,,,,,,,,,,,,,,,,,,,,,,,,,,,,,
,,,,,,,,,,,,,,,,,,,,,,,,,,,,,,,,,,,,,,,,,,,,,,,,
,Channel group,Users,,Change (%),Sessions,,Change (%),Engaged sessions,,Change (%),Average engagement time per user,,Change (%),,,,,,,,,,,,,,,,,,,,,,,,,,,,,,,,,,,
,,07 Sep - 13 Sep,31 Aug - 06 Sep,,07 Sep - 13 Sep,31 Aug - 06 Sep,,07 Sep - 13 Sep,31 Aug - 06 Sep,,07 Sep - 13 Sep,31 Aug - 06 Sep,,,,,,,,,,,,,,,,,,,,,,,,,,,,,,,,,,,,
,Direct,79.0,141.0,-0.4397163121,80.0,142.0,-0.4366197183,7.0,14.0,-0.5,4.0,3.0,0.3333333333,,,,,,,,,,,,,,,,,,,,,,,,,,,,,,,,,,,
,Organic Social,6.0,1.0,5,6.0,2.0,2,4.0,2.0,1,25.0,3.0,7.333333333,,,,,,,,,,,,,,,,,,,,,,,,,,,,,,,,,,,
,Organic Search,162.0,151.0,0.07284768212,187.0,182.0,0.02747252747,128.0,111.0,0.1531531532,73.0,76.0,-0.03947368421,,,,,,,,,,,,,,,,,,,,,,,,,,,,,,,,,,,
,,,,,,,,,,,,,,,,,,,,,,,,,,,,,,,,,,,,,,,,,,,,,,,,
,Channel group,Users,,Change (%),Sessions,,Change (%),Engaged sessions,,Change (%),Average engagement time per user,,Change (%),,,,,,,,,,,,,,,,,,,,,,,,,,,,,,,,,,,
,,31 Aug - 06 Sep,24 Aug - 30 Aug,,31 Aug - 06 Sep,24 Aug - 30 Aug,,31 Aug - 06 Sep,24 Aug - 30 Aug,,31 Aug - 06 Sep,24 Aug - 30 Aug,,,,,,,,,,,,,,,,,,,,,,,,,,,,,,,,,,,,
,Direct,141.0,72.0,0.9583333333,142.0,76.0,0.8684210526,14.0,14.0,0,3.0,6.0,-0.5,,,,,,,,,,,,,,,,,,,,,,,,,,,,,,,,,,,
,Organic Social,1.0,1.0,0,2.0,1.0,1,2.0,1.0,1,3.0,7.0,-0.5714285714,,,,,,,,,,,,,,,,,,,,,,,,,,,,,,,,,,,
,Organic Search,151.0,198.0,-0.2373737374,182.0,228.0,-0.201754386,111.0,157.0,-0.2929936306,76.0,63.0,0.2063492063,,,,,,,,,,,,,,,,,,,,,,,,,,,,,,,,,,,
,,,,,,,,,,,,,,,,,,,,,,,,,,,,,,,,,,,,,,,,,,,,,,,,
,Channel group,Users,,Change (%),Sessions,,Change (%),Engaged sessions,,Change (%),Average engagement time per user,,Change (%),,,,,,,,,,,,,,,,,,,,,,,,,,,,,,,,,,,
,,24 Aug - 30 Aug,17 Aug - 23 Aug,,24 Aug - 30 Aug,17 Aug - 23 Aug,,24 Aug - 30 Aug,17 Aug - 23 Aug,,24 Aug - 30 Aug,17 Aug - 23 Aug,,,,,,,,,,,,,,,,,,,,,,,,,,,,,,,,,,,,
,Direct,72.0,78.0,-0.07692307692,76.0,80.0,-0.05,14.0,10.0,0.4,6.0,4.0,0.5,,,,,,,,,,,,,,,,,,,,,,,,,,,,,,,,,,,
,Organic Social,1.0,2.0,-0.5,1.0,2.0,-0.5,1.0,2.0,-0.5,7.0,5.0,0.4,,,,,,,,,,,,,,,,,,,,,,,,,,,,,,,,,,,
,Organic Search,198.0,137.0,0.4452554745,228.0,155.0,0.4709677419,157.0,94.0,0.670212766,63.0,52.0,0.2115384615,,,,,,,,,,,,,,,,,,,,,,,,,,,,,,,,,,,
,,,,,,,,,,,,,,,,,,,,,,,,,,,,,,,,,,,,,,,,,,,,,,,,
,Channel group,Users,,Change (%),Sessions,,Change (%),Engaged sessions,,Change (%),Average engagement time per user,,Change (%),,,,,,,,,,,,,,,,,,,,,,,,,,,,,,,,,,,
,,17 Aug - 23 Aug,10 Aug - 16 Aug,,17 Aug - 23 Aug,10 Aug - 16 Aug,,17 Aug - 23 Aug,10 Aug - 16 Aug,,17 Aug - 23 Aug,10 Aug - 16 Aug,,,,,,,,,,,,,,,,,,,,,,,,,,,,,,,,,,,,
,Direct,78.0,67.0,0.1641791045,80.0,71.0,0.1267605634,10.0,7.0,0.4285714286,4.0,10.0,-0.6,,,,,,,,,,,,,,,,,,,,,,,,,,,,,,,,,,,
,Organic Social,2.0,4.0,-0.5,2.0,4.0,-0.5,2.0,1.0,1,5.0,1.0,4,,,,,,,,,,,,,,,,,,,,,,,,,,,,,,,,,,,
,Organic Search,137.0,113.0,0.2123893805,155.0,133.0,0.1654135338,94.0,79.0,0.1898734177,52.0,48.0,0.08333333333,,,,,,,,,,,,,,,,,,,,,,,,,,,,,,,,,,,
,,,,,,,,,,,,,,,,,,,,,,,,,,,,,,,,,,,,,,,,,,,,,,,,
,Channel group,Users,,Change (%),Sessions,,Change (%),Engaged sessions,,Change (%),Average engagement time per user,,Change (%),,,,,,,,,,,,,,,,,,,,,,,,,,,,,,,,,,,
,,10 Aug - 16 Aug,03 Aug - 09 Aug,,10 Aug - 16 Aug,03 Aug - 09 Aug,,10 Aug - 16 Aug,03 Aug - 09 Aug,,10 Aug - 16 Aug,03 Aug - 09 Aug,,,,,,,,,,,,,,,,,,,,,,,,,,,,,,,,,,,,
,Direct,67.0,196.0,-0.6581632653,71.0,200.0,-0.645,7.0,12.0,-0.4166666667,10.0,2.0,4,,,,,,,,,,,,,,,,,,,,,,,,,,,,,,,,,,,
,Organic Social,4.0,3.0,0.3333333333,4.0,3.0,0.3333333333,1.0,3.0,-0.6666666667,1.0,4.0,-0.75,,,,,,,,,,,,,,,,,,,,,,,,,,,,,,,,,,,
,Organic Search,113.0,110.0,0.02727272727,133.0,135.0,-0.01481481481,79.0,75.0,0.05333333333,48.0,58.0,-0.1724137931,,,,,,,,,,,,,,,,,,,,,,,,,,,,,,,,,,,
,,,,,,,,,,,,,,,,,,,,,,,,,,,,,,,,,,,,,,,,,,,,,,,,
,Channel group,Users,,Change (%),Sessions,,Change (%),Engaged sessions,,Change (%),Average engagement time per user,,Change (%),,,,,,,,,,,,,,,,,,,,,,,,,,,,,,,,,,,
,,03 Aug - 09 Aug,27 July - 02 Aug,,03 Aug - 09 Aug,27 July - 02 Aug,,03 Aug - 09 Aug,27 July - 02 Aug,,03 Aug - 09 Aug,27 July - 02 Aug,,,,,,,,,,,,,,,,,,,,,,,,,,,,,,,,,,,,
,Direct,196.0,79.0,1.481012658,200.0,78.0,1.564102564,12.0,12.0,0,2.0,10.0,-0.8,,,,,,,,,,,,,,,,,,,,,,,,,,,,,,,,,,,
,Organic Social,3.0,6.0,-0.5,3.0,7.0,-0.5714285714,3.0,5.0,-0.4,4.0,36.0,-0.8888888889,,,,,,,,,,,,,,,,,,,,,,,,,,,,,,,,,,,
,Organic Search,110.0,88.0,0.25,135.0,109.0,0.2385321101,75.0,69.0,0.08695652174,58.0,45.0,0.2888888889,,,,,,,,,,,,,,,,,,,,,,,,,,,,,,,,,,,
,,,,,,,,,,,,,,,,,,,,,,,,,,,,,,,,,,,,,,,,,,,,,,,,
,Channel group,Users,,Change (%),Sessions,,Change (%),Engaged sessions,,Change (%),Average engagement time per user,,Change (%),,,,,,,,,,,,,,,,,,,,,,,,,,,,,,,,,,,
,,27 July - 02 Aug,20 July - 26 July,,27 July - 02 Aug,20 July - 26 July,,27 July - 02 Aug,20 July - 26 July,,27 July - 02 Aug,20 July - 26 July,,,,,,,,,,,,,,,,,,,,,,,,,,,,,,,,,,,,
,Direct,79.0,204.0,-0.612745098,78.0,209.0,-0.6267942584,12.0,13.0,-0.07692307692,10.0,6.0,0.6666666667,,,,,,,,,,,,,,,,,,,,,,,,,,,,,,,,,,,
,Organic Social,6.0,7.0,-0.1428571429,7.0,9.0,-0.2222222222,5.0,4.0,0.25,36.0,12.0,2,,,,,,,,,,,,,,,,,,,,,,,,,,,,,,,,,,,
,Organic Search,88.0,177.0,-0.5028248588,109.0,195.0,-0.441025641,69.0,147.0,-0.5306122449,45.0,102.0,-0.5588235294,,,,,,,,,,,,,,,,,,,,,,,,,,,,,,,,,,,
,,,,,,,,,,,,,,,,,,,,,,,,,,,,,,,,,,,,,,,,,,,,,,,,
,Channel group,Users,,Change (%),Sessions,,Change (%),Engaged sessions,,Change (%),Average engagement time per user,,Change (%),,,,,,,,,,,,,,,,,,,,,,,,,,,,,,,,,,,
,,20 July - 26 July,13 July - 19 July,,20 July - 26 July,13 July - 19 July,,20 July - 26 July,13 July - 19 July,,20 July - 26 July,13 July - 19 July,,,,,,,,,,,,,,,,,,,,,,,,,,,,,,,,,,,,
,Organic Search,177.0,153.0,0.1568627451,195.0,208.0,-0.0625,147.0,92.0,0.597826087,102.0,57.0,0.7894736842,,,,,,,,,,,,,,,,,,,,,,,,,,,,,,,,,,,
,Direct,204.0,100.0,1.04,209.0,98.0,1.132653061,13.0,6.0,1.166666667,6.0,5.0,0.2,,,,,,,,,,,,,,,,,,,,,,,,,,,,,,,,,,,
,Organic Social,7.0,6.0,0.1666666667,9.0,7.0,0.2857142857,4.0,5.0,-0.2,12.0,16.0,-0.25,,,,,,,,,,,,,,,,,,,,,,,,,,,,,,,,,,,
,,,,,,,,,,,,,,,,,,,,,,,,,,,,,,,,,,,,,,,,,,,,,,,,
,Channel group,Users,,Change (%),Sessions,,Change (%),Engaged sessions,,Change (%),Average engagement time per user,,Change (%),,,,,,,,,,,,,,,,,,,,,,,,,,,,,,,,,,,
,,13 July - 19 July,06 July- 12 July,,13 July - 19 July,06 July- 12 July,,13 July - 19 July,06 July- 12 July,,13 July - 19 July,06 July- 12 July,,,,,,,,,,,,,,,,,,,,,,,,,,,,,,,,,,,,
,Organic Search,153.0,93.0,0.6451612903,208.0,121.0,0.7190082645,92.0,76.0,0.2105263158,57.0,65.0,-0.1230769231,,,,,,,,,,,,,,,,,,,,,,,,,,,,,,,,,,,
,Direct,100.0,94.0,0.06382978723,98.0,91.0,0.07692307692,6.0,9.0,-0.3333333333,5.0,4.0,0.25,,,,,,,,,,,,,,,,,,,,,,,,,,,,,,,,,,,
,Organic Social,6.0,8.0,-0.25,7.0,9.0,-0.2222222222,5.0,8.0,-0.375,16.0,34.0,-0.5294117647,,,,,,,,,,,,,,,,,,,,,,,,,,,,,,,,,,,
,,,,,,,,,,,,,,,,,,,,,,,,,,,,,,,,,,,,,,,,,,,,,,,,
,Channel group,Users,,Change (%),Sessions,,Change (%),Engaged sessions,,Change (%),Average engagement time per user,,Change (%),,,,,,,,,,,,,,,,,,,,,,,,,,,,,,,,,,,
,,06 July- 12 July,29 June - 05 July,,06 July- 12 July,29 June - 05 July,,06 July- 12 July,29 June - 05 July,,06 July- 12 July,29 June - 05 July,,,,,,,,,,,,,,,,,,,,,,,,,,,,,,,,,,,,
,Organic Search,93.0,93.0,0,121.0,129.0,-0.06201550388,76.0,86.0,-0.1162790698,65.0,68.0,-0.04411764706,,,,,,,,,,,,,,,,,,,,,,,,,,,,,,,,,,,
,Direct,94.0,103.0,-0.08737864078,91.0,104.0,-0.125,9.0,8.0,0.125,4.0,6.0,-0.3333333333,,,,,,,,,,,,,,,,,,,,,,,,,,,,,,,,,,,
,Organic Social,8.0,7.0,0.1428571429,9.0,7.0,0.2857142857,8.0,4.0,1,34.0,1.0,33,,,,,,,,,,,,,,,,,,,,,,,,,,,,,,,,,,,
,,,,,,,,,,,,,,,,,,,,,,,,,,,,,,,,,,,,,,,,,,,,,,,,
,Channel group,Users,,Change (%),Sessions,,Change (%),Engaged sessions,,Change (%),Average engagement time per user,,Change (%),,,,,,,,,,,,,,,,,,,,,,,,,,,,,,,,,,,
,,29 June - 05 July,22 June - 28 June,,29 June - 05 July,22 June - 28 June,,29 June - 05 July,22 June - 28 June,,29 June - 05 July,22 June - 28 June,,,,,,,,,,,,,,,,,,,,,,,,,,,,,,,,,,,,
,Organic Search,93.0,113.0,-0.1769911504,129.0,143.0,-0.0979020979,86.0,97.0,-0.1134020619,68.0,55.0,0.2363636364,,,,,,,,,,,,,,,,,,,,,,,,,,,,,,,,,,,
,Direct,103.0,94.0,0.09574468085,104.0,92.0,0.1304347826,8.0,11.0,-0.2727272727,6.0,13.0,-0.5384615385,,,,,,,,,,,,,,,,,,,,,,,,,,,,,,,,,,,
,Organic Social,7.0,7.0,0,7.0,7.0,0,4.0,4.0,0,1.0,13.0,-0.9230769231,,,,,,,,,,,,,,,,,,,,,,,,,,,,,,,,,,,
,,,,,,,,,,,,,,,,,,,,,,,,,,,,,,,,,,,,,,,,,,,,,,,,
,Channel group,Users,,Change (%),Sessions,,Change (%),Engaged sessions,,Change (%),Average engagement time per user,,Change (%),,,,,,,,,,,,,,,,,,,,,,,,,,,,,,,,,,,
,,22 June - 28 June,15 June - 21 June,,22 June - 28 June,15 June - 21 June,,22 June - 28 June,15 June - 21 June,,22 June - 28 June,15 June - 21 June,,,,,,,,,,,,,,,,,,,,,,,,,,,,,,,,,,,,
,Organic Search,113.0,95.0,0.1894736842,143.0,141.0,0.01418439716,97.0,79.0,0.2278481013,55.0,90.0,-0.3888888889,,,,,,,,,,,,,,,,,,,,,,,,,,,,,,,,,,,
,Direct,94.0,64.0,0.46875,92.0,62.0,0.4838709677,11.0,12.0,-0.08333333333,13.0,9.0,0.4444444444,,,,,,,,,,,,,,,,,,,,,,,,,,,,,,,,,,,
,Organic Social,7.0,9.0,-0.2222222222,7.0,8.0,-0.125,4.0,3.0,0.3333333333,13.0,5.0,1.6,,,,,,,,,,,,,,,,,,,,,,,,,,,,,,,,,,,
,,,,,,,,,,,,,,,,,,,,,,,,,,,,,,,,,,,,,,,,,,,,,,,,
,Channel group,Users,,Change (%),Sessions,,Change (%),Engaged sessions,,Change (%),Average engagement time per user,,Change (%),,,,,,,,,,,,,,,,,,,,,,,,,,,,,,,,,,,
,,15 June - 21 June,8 June - 14 June,,15 June - 21 June,8 June - 14 June,,15 June - 21 June,8 June - 14 June,,15 June - 21 June,8 June - 14 June,,,,,,,,,,,,,,,,,,,,,,,,,,,,,,,,,,,,
,Organic Search,95.0,117.0,-0.188034188,141.0,157.0,-0.101910828,79.0,99.0,-0.202020202,90.0,52.0,0.7307692308,,,,,,,,,,,,,,,,,,,,,,,,,,,,,,,,,,,
,Direct,64.0,49.0,0.306122449,62.0,47.0,0.3191489362,12.0,3.0,3,9.0,11.0,-0.1818181818,,,,,,,,,,,,,,,,,,,,,,,,,,,,,,,,,,,
,Organic Social,9.0,5.0,0.8,8.0,5.0,0.6,3.0,4.0,-0.25,5.0,2.0,1.5,,,,,,,,,,,,,,,,,,,,,,,,,,,,,,,,,,,
,,,,,,,,,,,,,,,,,,,,,,,,,,,,,,,,,,,,,,,,,,,,,,,,
,Channel group,Users,,Change (%),Sessions,,Change (%),Engaged sessions,,Change (%),Average engagement time per user,,Change (%),,,,,,,,,,,,,,,,,,,,,,,,,,,,,,,,,,,
,,8 June - 14 June,1 June - 7 June,,8 June - 14 June,1 June - 7 June,,8 June - 14 June,1 June - 7 June,,8 June - 14 June,1 June - 7 June,,,,,,,,,,,,,,,,,,,,,,,,,,,,,,,,,,,,
,Organic Search,117.0,101.0,0.1584158416,157.0,136.0,0.1544117647,99.0,92.0,0.07608695652,52.0,61.0,-0.1475409836,,,,,,,,,,,,,,,,,,,,,,,,,,,,,,,,,,,
,Direct,49.0,39.0,0.2564102564,47.0,42.0,0.119047619,3.0,9.0,-0.6666666667,11.0,21.0,-0.4761904762,,,,,,,,,,,,,,,,,,,,,,,,,,,,,,,,,,,
,Organic Social,5.0,3.0,0.6666666667,5.0,3.0,0.6666666667,4.0,2.0,1,2.0,7.0,-0.7142857143,,,,,,,,,,,,,,,,,,,,,,,,,,,,,,,,,,,
,,,,,,,,,,,,,,,,,,,,,,,,,,,,,,,,,,,,,,,,,,,,,,,,
,Channel group,Users,,Change (%),Sessions,,Change (%),Engaged sessions,,Change (%),Average engagement time per user,,Change (%),,,,,,,,,,,,,,,,,,,,,,,,,,,,,,,,,,,
,,1 June - 7 June,25 May - 31 May,,1 June - 7 June,25 May - 31 May,,1 June - 7 June,25 May - 31 May,,1 June - 7 June,25 May - 31 May,,,,,,,,,,,,,,,,,,,,,,,,,,,,,,,,,,,,
,Organic Search,101.0,92.0,0.09782608696,136.0,112.0,0.2142857143,92.0,71.0,0.2957746479,61.0,52.0,0.1730769231,,,,,,,,,,,,,,,,,,,,,,,,,,,,,,,,,,,
,Direct,39.0,48.0,-0.1875,42.0,49.0,-0.1428571429,9.0,7.0,0.2857142857,21.0,22.0,-0.04545454545,,,,,,,,,,,,,,,,,,,,,,,,,,,,,,,,,,,
,Organic Social,3.0,9.0,-0.6666666667,3.0,9.0,-0.6666666667,2.0,4.0,-0.5,7.0,25.0,-0.72,,,,,,,,,,,,,,,,,,,,,,,,,,,,,,,,,,,
,,,,,,,,,,,,,,,,,,,,,,,,,,,,,,,,,,,,,,,,,,,,,,,,
,Channel group,Users,,Change (%),Sessions,,Change (%),Engaged sessions,,Change (%),Average engagement time per user,,Change (%),,,,,,,,,,,,,,,,,,,,,,,,,,,,,,,,,,,
,,25 May - 31 May,18 May - 24 May,,25 May - 31 May,18 May - 24 May,,25 May - 31 May,18 May - 24 May,,25 May - 31 May,18 May - 24 May,,,,,,,,,,,,,,,,,,,,,,,,,,,,,,,,,,,,
,Organic Search,92.0,97.0,-0.05154639175,112.0,122.0,-0.08196721311,71.0,91.0,-0.2197802198,52.0,36.0,0.4444444444,,,,,,,,,,,,,,,,,,,,,,,,,,,,,,,,,,,
,Direct,48.0,37.0,0.2972972973,49.0,35.0,0.4,7.0,4.0,0.75,22.0,11.0,1,,,,,,,,,,,,,,,,,,,,,,,,,,,,,,,,,,,
,Organic Social,9.0,5.0,0.8,9.0,5.0,0.8,4.0,3.0,0.3333333333,25.0,4.0,5.25,,,,,,,,,,,,,,,,,,,,,,,,,,,,,,,,,,,
,,,,,,,,,,,,,,,,,,,,,,,,,,,,,,,,,,,,,,,,,,,,,,,,
,Channel group,Users,,Change (%),Sessions,,Change (%),Engaged sessions,,Change (%),Average engagement time per user,,Change (%),,,,,,,,,,,,,,,,,,,,,,,,,,,,,,,,,,,
,,18 May - 24 May,11 May - 17 May,,18 May - 24 May,11 May - 17 May,,18 May - 24 May,11 May - 17 May,,18 May - 24 May,11 May - 17 May,,,,,,,,,,,,,,,,,,,,,,,,,,,,,,,,,,,,
,Organic Search,97.0,58.0,0.6724137931,122.0,78.0,0.5641025641,91.0,53.0,0.7169811321,36.0,43.0,-0.1627906977,,,,,,,,,,,,,,,,,,,,,,,,,,,,,,,,,,,
,Direct,37.0,55.0,-0.3272727273,35.0,55.0,-0.3636363636,4.0,6.0,-0.3333333333,11.0,21.0,-0.4761904762,,,,,,,,,,,,,,,,,,,,,,,,,,,,,,,,,,,
,Organic Social,5.0,4.0,0.25,5.0,4.0,0.25,3.0,3.0,0,4.0,42.0,-0.9047619048,,,,,,,,,,,,,,,,,,,,,,,,,,,,,,,,,,,
,,,,,,,,,,,,,,,,,,,,,,,,,,,,,,,,,,,,,,,,,,,,,,,,
,Channel group,Users,,Change (%),Sessions,,Change (%),Engaged sessions,,Change (%),Average engagement time per user,,Change (%),,,,,,,,,,,,,,,,,,,,,,,,,,,,,,,,,,,
,,11 May - 17 May,04 May - 10 May,,11 May - 17 May,04 May - 10 May,,11 May - 17 May,04 May - 10 May,,11 May - 17 May,04 May - 10 May,,,,,,,,,,,,,,,,,,,,,,,,,,,,,,,,,,,,
,Organic Search,58.0,70.0,-0.1714285714,78.0,87.0,-0.1034482759,53.0,63.0,-0.1587301587,43.0,65.0,-0.3384615385,,,,,,,,,,,,,,,,,,,,,,,,,,,,,,,,,,,
,Direct,55.0,71.0,-0.2253521127,55.0,75.0,-0.2666666667,6.0,7.0,-0.1428571429,21.0,17.0,0.2352941176,,,,,,,,,,,,,,,,,,,,,,,,,,,,,,,,,,,
,Organic Social,4.0,10.0,-0.6,4.0,10.0,-0.6,3.0,6.0,-0.5,42.0,30.0,0.4,,,,,,,,,,,,,,,,,,,,,,,,,,,,,,,,,,,
,,,,,,,,,,,,,,,,,,,,,,,,,,,,,,,,,,,,,,,,,,,,,,,,
,Channel group,Users,,Change (%),Sessions,,Change (%),Engaged sessions,,Change (%),Average engagement time per user,,Change (%),,,,,,,,,,,,,,,,,,,,,,,,,,,,,,,,,,,
,,04 May - 10 May,27 Apr - 03 May,,04 May - 10 May,27 Apr - 03 May,,04 May - 10 May,27 Apr - 03 May,,04 May - 10 May,27 Apr - 03 May,,,,,,,,,,,,,,,,,,,,,,,,,,,,,,,,,,,,
,Organic Search,70.0,68.0,0.02941176471,87.0,97.0,-0.1030927835,63.0,69.0,-0.08695652174,65.0,75.0,-0.1333333333,,,,,,,,,,,,,,,,,,,,,,,,,,,,,,,,,,,
,Direct,71.0,52.0,0.3653846154,75.0,53.0,0.4150943396,7.0,14.0,-0.5,17.0,35.0,-0.5142857143,,,,,,,,,,,,,,,,,,,,,,,,,,,,,,,,,,,
,Organic Social,10.0,5.0,1,10.0,5.0,1,6.0,2.0,2,30.0,42.0,-0.2857142857,,,,,,,,,,,,,,,,,,,,,,,,,,,,,,,,,,,
,,,,,,,,,,,,,,,,,,,,,,,,,,,,,,,,,,,,,,,,,,,,,,,,
,Channel group,Users,,Change (%),Sessions,,Change (%),Engaged sessions,,Change (%),Average engagement time per user,,Change (%),,,,,,,,,,,,,,,,,,,,,,,,,,,,,,,,,,,
,,27 Apr - 03 May,20 Apr - 26 Apr,,27 Apr - 03 May,20 Apr - 26 Apr,,27 Apr - 03 May,20 Apr - 26 Apr,,27 Apr - 03 May,20 Apr - 26 Apr,,,,,,,,,,,,,,,,,,,,,,,,,,,,,,,,,,,,
,Organic Search,68.0,74.0,-0.08108108108,97.0,102.0,-0.04901960784,69.0,71.0,-0.02816901408,75.0,69.0,0.08695652174,,,,,,,,,,,,,,,,,,,,,,,,,,,,,,,,,,,
,Direct,52.0,55.0,-0.05454545455,53.0,54.0,-0.01851851852,14.0,9.0,0.5555555556,35.0,26.0,0.3461538462,,,,,,,,,,,,,,,,,,,,,,,,,,,,,,,,,,,
,Organic Social,5.0,10.0,-0.5,5.0,10.0,-0.5,2.0,4.0,-0.5,42.0,16.0,1.625,,,,,,,,,,,,,,,,,,,,,,,,,,,,,,,,,,,
,,,,,,,,,,,,,,,,,,,,,,,,,,,,,,,,,,,,,,,,,,,,,,,,
,Channel group,Users,,Change (%),Sessions,,Change (%),Engaged sessions,,Change (%),Average engagement time per user,,Change (%),,,,,,,,,,,,,,,,,,,,,,,,,,,,,,,,,,,
,,20 Apr - 26 Apr,13 Apr - 19 Apr,,20 Apr - 26 Apr,13 Apr - 19 Apr,,20 Apr - 26 Apr,13 Apr - 19 Apr,,20 Apr - 26 Apr,13 Apr - 19 Apr,,,,,,,,,,,,,,,,,,,,,,,,,,,,,,,,,,,,
,Organic Search,74.0,49.0,0.5102040816,102.0,63.0,0.619047619,71.0,44.0,0.6136363636,69.0,51.0,0.3529411765,,,,,,,,,,,,,,,,,,,,,,,,,,,,,,,,,,,
,Direct,55.0,41.0,0.3414634146,54.0,40.0,0.35,9.0,6.0,0.5,26.0,7.0,2.714285714,,,,,,,,,,,,,,,,,,,,,,,,,,,,,,,,,,,
,Organic Social,10.0,11.0,-0.09090909091,10.0,11.0,-0.09090909091,4.0,7.0,-0.4285714286,16.0,75.0,-0.7866666667,,,,,,,,,,,,,,,,,,,,,,,,,,,,,,,,,,,
,,,,,,,,,,,,,,,,,,,,,,,,,,,,,,,,,,,,,,,,,,,,,,,,
,Channel group,Users,,Change (%),Sessions,,Change (%),Engaged sessions,,Change (%),Average engagement time per user,,Change (%),,,,,,,,,,,,,,,,,,,,,,,,,,,,,,,,,,,
,,13 Apr - 19 Apr,06 Apr - 12 Apr,,13 Apr - 19 Apr,06 Apr - 12 Apr,,13 Apr - 19 Apr,06 Apr - 12 Apr,,13 Apr - 19 Apr,06 Apr - 12 Apr,,,,,,,,,,,,,,,,,,,,,,,,,,,,,,,,,,,,
,Organic Search,49.0,36.0,0.3611111111,63.0,59.0,0.06779661017,44.0,35.0,0.2571428571,51.0,81.0,-0.3703703704,,,,,,,,,,,,,,,,,,,,,,,,,,,,,,,,,,,
,Direct,41.0,67.0,-0.3880597015,40.0,65.0,-0.3846153846,6.0,13.0,-0.5384615385,7.0,18.0,-0.6111111111,,,,,,,,,,,,,,,,,,,,,,,,,,,,,,,,,,,
,Organic Social,11.0,6.0,0.8333333333,11.0,6.0,0.8333333333,7.0,1.0,6,75.0,2.0,36.5,,,,,,,,,,,,,,,,,,,,,,,,,,,,,,,,,,,
,,,,,,,,,,,,,,,,,,,,,,,,,,,,,,,,,,,,,,,,,,,,,,,,
,Channel group,Users,,Change (%),Sessions,,Change (%),Engaged sessions,,Change (%),Average engagement time per user,,Change (%),,,,,,,,,,,,,,,,,,,,,,,,,,,,,,,,,,,
,,06 Apr - 12 Apr,30 Mar - 05 Apr,,06 Apr - 12 Apr,30 Mar - 05 Apr,,06 Apr - 12 Apr,30 Mar - 05 Apr,,06 Apr - 12 Apr,30 Mar - 05 Apr,,,,,,,,,,,,,,,,,,,,,,,,,,,,,,,,,,,,
,Organic Search,36.0,51.0,-0.2941176471,59.0,74.0,-0.2027027027,35.0,50.0,-0.3,81.0,81.0,0,,,,,,,,,,,,,,,,,,,,,,,,,,,,,,,,,,,
,Direct,67.0,78.0,-0.141025641,65.0,76.0,-0.1447368421,13.0,10.0,0.3,18.0,11.0,0.6363636364,,,,,,,,,,,,,,,,,,,,,,,,,,,,,,,,,,,
,Organic Social,6.0,7.0,-0.1428571429,6.0,7.0,-0.1428571429,1.0,5.0,-0.8,2.0,24.0,-0.9166666667,,,,,,,,,,,,,,,,,,,,,,,,,,,,,,,,,,,
,,,,,,,,,,,,,,,,,,,,,,,,,,,,,,,,,,,,,,,,,,,,,,,,
,Channel group,Users,,Change (%),Sessions,,Change (%),Engaged sessions,,Change (%),Average engagement time per user,,Change (%),,,,,,,,,,,,,,,,,,,,,,,,,,,,,,,,,,,
,,30 Mar - 05 Apr,23 Mar - 29 Mar,,30 Mar - 05 Apr,23 Mar - 29 Mar,,30 Mar - 05 Apr,23 Mar - 29 Mar,,30 Mar - 05 Apr,23 Mar - 29 Mar,,,,,,,,,,,,,,,,,,,,,,,,,,,,,,,,,,,,
,Organic Search,51.0,35.0,0.4571428571,74.0,61.0,0.2131147541,50.0,37.0,0.3513513514,81.0,100.0,-0.19,,,,,,,,,,,,,,,,,,,,,,,,,,,,,,,,,,,
,Direct,78.0,52.0,0.5,76.0,51.0,0.4901960784,10.0,10.0,0,11.0,22.0,-0.5,,,,,,,,,,,,,,,,,,,,,,,,,,,,,,,,,,,
,Organic Social,7.0,11.0,-0.3636363636,7.0,11.0,-0.3636363636,5.0,4.0,0.25,24.0,9.0,1.666666667,,,,,,,,,,,,,,,,,,,,,,,,,,,,,,,,,,,
,,,,,,,,,,,,,,,,,,,,,,,,,,,,,,,,,,,,,,,,,,,,,,,,
,Channel group,Users,,Change (%),Sessions,,Change (%),Engaged sessions,,Change (%),Average engagement time per user,,Change (%),,,,,,,,,,,,,,,,,,,,,,,,,,,,,,,,,,,
,,23 Mar - 29 Mar,16 Mar - 22 Mar,,23 Mar - 29 Mar,16 Mar - 22 Mar,,23 Mar - 29 Mar,16 Mar - 22 Mar,,23 Mar - 29 Mar,16 Mar - 22 Mar,,,,,,,,,,,,,,,,,,,,,,,,,,,,,,,,,,,,
,Organic Search,35.0,34.0,0.02941176471,61.0,47.0,0.2978723404,37.0,33.0,0.1212121212,100.0,127.0,-0.2125984252,,,,,,,,,,,,,,,,,,,,,,,,,,,,,,,,,,,
,Direct,52.0,59.0,-0.1186440678,51.0,57.0,-0.1052631579,10.0,7.0,0.4285714286,22.0,6.0,2.666666667,,,,,,,,,,,,,,,,,,,,,,,,,,,,,,,,,,,
,Organic Social,11.0,4.0,1.75,11.0,4.0,1.75,4.0,1.0,3,9.0,6.0,0.5,,,,,,,,,,,,,,,,,,,,,,,,,,,,,,,,,,,
,,,,,,,,,,,,,,,,,,,,,,,,,,,,,,,,,,,,,,,,,,,,,,,,
,Channel group,Users,,Change (%),Sessions,,Change (%),Engaged sessions,,Change (%),Average engagement time per user,,Change (%),,,,,,,,,,,,,,,,,,,,,,,,,,,,,,,,,,,
,,16 Mar - 22 Mar,09 Mar - 15 Mar,,16 Mar - 22 Mar,09 Mar - 15 Mar,,16 Mar - 22 Mar,09 Mar - 15 Mar,,16 Mar - 22 Mar,09 Mar - 15 Mar,,,,,,,,,,,,,,,,,,,,,,,,,,,,,,,,,,,,
,Organic Search,34.0,113.0,-0.6991150442,47.0,133.0,-0.6466165414,33.0,81.0,-0.5925925926,127.0,35.0,2.628571429,,,,,,,,,,,,,,,,,,,,,,,,,,,,,,,,,,,
,Direct,59.0,55.0,0.07272727273,57.0,53.0,0.07547169811,7.0,7.0,0,6.0,10.0,-0.4,,,,,,,,,,,,,,,,,,,,,,,,,,,,,,,,,,,
,Organic Social,4.0,7.0,-0.4285714286,4.0,9.0,-0.5555555556,1.0,4.0,-0.75,6.0,36.0,-0.8333333333,,,,,,,,,,,,,,,,,,,,,,,,,,,,,,,,,,,
,,,,,,,,,,,,,,,,,,,,,,,,,,,,,,,,,,,,,,,,,,,,,,,,
,Channel group,Users,,Change (%),Sessions,,Change (%),Engaged sessions,,Change (%),Average engagement time per user,,Change (%),,,,,,,,,,,,,,,,,,,,,,,,,,,,,,,,,,,
,,09 Mar - 15 Mar,02 Mar - 08 Mar,,09 Mar - 15 Mar,02 Mar - 08 Mar,,09 Mar - 15 Mar,02 Mar - 08 Mar,,09 Mar - 15 Mar,02 Mar - 08 Mar,,,,,,,,,,,,,,,,,,,,,,,,,,,,,,,,,,,,
,Organic Search,113.0,134.0,-0.1567164179,133.0,163.0,-0.1840490798,81.0,94.0,-0.1382978723,35.0,45.0,-0.2222222222,,,,,,,,,,,,,,,,,,,,,,,,,,,,,,,,,,,
,Direct,55.0,77.0,-0.2857142857,53.0,69.0,-0.231884058,7.0,6.0,0.1666666667,10.0,5.0,1,,,,,,,,,,,,,,,,,,,,,,,,,,,,,,,,,,,
,Organic Social,7.0,11.0,-0.3636363636,9.0,11.0,-0.1818181818,4.0,7.0,-0.4285714286,36.0,9.0,3,,,,,,,,,,,,,,,,,,,,,,,,,,,,,,,,,,,
,,,,,,,,,,,,,,,,,,,,,,,,,,,,,,,,,,,,,,,,,,,,,,,,
,Channel group,Users,,Change (%),Sessions,,Change (%),Engaged sessions,,Change (%),Average engagement time per user,,Change (%),,,,,,,,,,,,,,,,,,,,,,,,,,,,,,,,,,,
,,02 Mar - 08 Mar,23 Feb - 01 Mar,,02 Mar - 08 Mar,23 Feb - 01 Mar,,02 Mar - 08 Mar,23 Feb - 01 Mar,,02 Mar - 08 Mar,23 Feb - 01 Mar,,,,,,,,,,,,,,,,,,,,,,,,,,,,,,,,,,,,
,Organic Search,134.0,161.0,-0.1677018634,163.0,227.0,-0.281938326,94.0,76.0,0.2368421053,45.0,25.0,0.8,,,,,,,,,,,,,,,,,,,,,,,,,,,,,,,,,,,
,Direct,77.0,60.0,0.2833333333,69.0,67.0,0.02985074627,6.0,8.0,-0.25,5.0,4.0,0.25,,,,,,,,,,,,,,,,,,,,,,,,,,,,,,,,,,,
,Organic Social,11.0,9.0,0.2222222222,11.0,9.0,0.2222222222,7.0,3.0,1.333333333,9.0,8.0,0.125,,,,,,,,,,,,,,,,,,,,,,,,,,,,,,,,,,,
,,,,,,,,,,,,,,,,,,,,,,,,,,,,,,,,,,,,,,,,,,,,,,,,
,Channel group,Users,,Change (%),Sessions,,Change (%),Engaged sessions,,Change (%),Average engagement time per user,,Change (%),,,,,,,,,,,,,,,,,,,,,,,,,,,,,,,,,,,
,,23 Feb - 01 Mar,16 Feb - 22 Feb,,23 Feb - 01 Mar,16 Feb - 22 Feb,,23 Feb - 01 Mar,16 Feb - 22 Feb,,23 Feb - 01 Mar,16 Feb - 22 Feb,,,,,,,,,,,,,,,,,,,,,,,,,,,,,,,,,,,,
,Organic Search,161.0,203.0,-0.2068965517,227.0,279.0,-0.1863799283,76.0,114.0,-0.3333333333,25.0,28.0,-0.1071428571,,,,,,,,,,,,,,,,,,,,,,,,,,,,,,,,,,,
,Direct,60.0,70.0,-0.1428571429,67.0,83.0,-0.1927710843,8.0,16.0,-0.5,4.0,8.0,-0.5,,,,,,,,,,,,,,,,,,,,,,,,,,,,,,,,,,,
,Organic Social,9.0,24.0,-0.625,9.0,24.0,-0.625,3.0,9.0,-0.6666666667,8.0,1.0,7,,,,,,,,,,,,,,,,,,,,,,,,,,,,,,,,,,,
,,,,,,,,,,,,,,,,,,,,,,,,,,,,,,,,,,,,,,,,,,,,,,,,
,Channel group,Users,,Change (%),Sessions,,Change (%),Engaged sessions,,Change (%),Average engagement time per user,,Change (%),,,,,,,,,,,,,,,,,,,,,,,,,,,,,,,,,,,
,,16 Feb - 22 Feb,09 Feb - 15 Feb,,16 Feb - 22 Feb,09 Feb - 15 Feb,,16 Feb - 22 Feb,09 Feb - 15 Feb,,16 Feb - 22 Feb,09 Feb - 15 Feb,,,,,,,,,,,,,,,,,,,,,,,,,,,,,,,,,,,,
,Organic Search,203.0,124.0,0.6370967742,279.0,147.0,0.8979591837,114.0,87.0,0.3103448276,28.0,35.0,-0.2,,,,,,,,,,,,,,,,,,,,,,,,,,,,,,,,,,,
,Direct,70.0,68.0,0.02941176471,83.0,81.0,0.02469135802,16.0,19.0,-0.1578947368,8.0,7.0,0.1428571429,,,,,,,,,,,,,,,,,,,,,,,,,,,,,,,,,,,
,Organic Social,24.0,15.0,0.6,24.0,15.0,0.6,9.0,4.0,1.25,1.0,5.0,-0.8,,,,,,,,,,,,,,,,,,,,,,,,,,,,,,,,,,,
,,,,,,,,,,,,,,,,,,,,,,,,,,,,,,,,,,,,,,,,,,,,,,,,
,Channel group,Users,,Change (%),Sessions,,Change (%),Engaged sessions,,Change (%),Average engagement time per user,,Change (%),,,,,,,,,,,,,,,,,,,,,,,,,,,,,,,,,,,
,,09 Feb - 15 Feb,02 Feb - 08 Feb,,09 Feb - 15 Feb,02 Feb - 08 Feb,,09 Feb - 15 Feb,02 Feb - 08 Feb,,09 Feb - 15 Feb,02 Feb - 08 Feb,,,,,,,,,,,,,,,,,,,,,,,,,,,,,,,,,,,,
,Organic Search,124.0,136.0,-0.08823529412,147.0,189.0,-0.2222222222,87.0,115.0,-0.2434782609,35.0,67.0,-0.4776119403,,,,,,,,,,,,,,,,,,,,,,,,,,,,,,,,,,,
,Direct,68.0,71.0,-0.04225352113,81.0,72.0,0.125,19.0,13.0,0.4615384615,7.0,18.0,-0.6111111111,,,,,,,,,,,,,,,,,,,,,,,,,,,,,,,,,,,
,Organic Social,15.0,19.0,-0.2105263158,15.0,26.0,-0.4230769231,4.0,15.0,-0.7333333333,5.0,25.0,-0.8,,,,,,,,,,,,,,,,,,,,,,,,,,,,,,,,,,,
,,,,,,,,,,,,,,,,,,,,,,,,,,,,,,,,,,,,,,,,,,,,,,,,
,Channel group,Users,,Change (%),Sessions,,Change (%),Engaged sessions,,Change (%),Average engagement time per user,,Change (%),,,,,,,,,,,,,,,,,,,,,,,,,,,,,,,,,,,
,,02 Feb - 08 Feb,26 Jan - 01 Feb,,02 Feb - 08 Feb,26 Jan - 01 Feb,,02 Feb - 08 Feb,26 Jan - 01 Feb,,02 Feb - 08 Feb,26 Jan - 01 Feb,,,,,,,,,,,,,,,,,,,,,,,,,,,,,,,,,,,,
,Organic Search,136.0,188.0,-0.2765957447,189.0,248.0,-0.2379032258,115.0,130.0,-0.1153846154,67.0,50.0,0.34,,,,,,,,,,,,,,,,,,,,,,,,,,,,,,,,,,,
,Direct,71.0,111.0,-0.3603603604,72.0,122.0,-0.4098360656,13.0,34.0,-0.6176470588,18.0,13.0,0.3846153846,,,,,,,,,,,,,,,,,,,,,,,,,,,,,,,,,,,
,Organic Social,19.0,21.0,-0.09523809524,26.0,35.0,-0.2571428571,15.0,22.0,-0.3181818182,25.0,8.0,2.125,,,,,,,,,,,,,,,,,,,,,,,,,,,,,,,,,,,
,,,,,,,,,,,,,,,,,,,,,,,,,,,,,,,,,,,,,,,,,,,,,,,,
,Channel group,Users,,Change (%),Sessions,,Change (%),Engaged sessions,,Change (%),Average engagement time per user,,Change (%),,,,,,,,,,,,,,,,,,,,,,,,,,,,,,,,,,,
,,26 Jan - 01 Feb,19 Jan - 25 Jan,,26 Jan - 01 Feb,19 Jan - 25 Jan,,26 Jan - 01 Feb,19 Jan - 25 Jan,,26 Jan - 01 Feb,19 Jan - 25 Jan,,,,,,,,,,,,,,,,,,,,,,,,,,,,,,,,,,,,
,Organic Search,188.0,112.0,0.6785714286,248.0,146.0,0.698630137,130.0,93.0,0.3978494624,50.0,55.0,-0.09090909091,,,,,,,,,,,,,,,,,,,,,,,,,,,,,,,,,,,
,Direct,111.0,100.0,0.11,122.0,99.0,0.2323232323,34.0,23.0,0.4782608696,13.0,10.0,0.3,,,,,,,,,,,,,,,,,,,,,,,,,,,,,,,,,,,
,Organic Social,21.0,39.0,-0.4615384615,35.0,43.0,-0.1860465116,22.0,24.0,-0.08333333333,8.0,22.0,-0.6363636364,,,,,,,,,,,,,,,,,,,,,,,,,,,,,,,,,,,
,,,,,,,,,,,,,,,,,,,,,,,,,,,,,,,,,,,,,,,,,,,,,,,,
,Channel group,Users,,Change (%),Sessions,,Change (%),Engaged sessions,,Change (%),Average engagement time per user,,Change (%),,,,,,,,,,,,,,,,,,,,,,,,,,,,,,,,,,,
,,19 Jan - 25 Jan,12 Jan - 18 Jan,,19 Jan - 25 Jan,12 Jan - 18 Jan,,19 Jan - 25 Jan,12 Jan - 18 Jan,,19 Jan - 25 Jan,12 Jan - 18 Jan,,,,,,,,,,,,,,,,,,,,,,,,,,,,,,,,,,,,
,Organic Search,112.0,112.0,0,146.0,136.0,0.07352941176,93.0,82.0,0.1341463415,55.0,47.0,0.170212766,,,,,,,,,,,,,,,,,,,,,,,,,,,,,,,,,,,
,Direct,100.0,115.0,-0.1304347826,99.0,122.0,-0.1885245902,23.0,20.0,0.15,10.0,10.0,0,,,,,,,,,,,,,,,,,,,,,,,,,,,,,,,,,,,
,Organic Social,39.0,35.0,0.1142857143,43.0,36.0,0.1944444444,24.0,22.0,0.09090909091,22.0,13.0,0.6923076923,,,,,,,,,,,,,,,,,,,,,,,,,,,,,,,,,,,
,,,,,,,,,,,,,,,,,,,,,,,,,,,,,,,,,,,,,,,,,,,,,,,,
,Channel group,Users,,Change (%),Sessions,,Change (%),Engaged sessions,,Change (%),Average engagement time per user,,Change (%),,,,,,,,,,,,,,,,,,,,,,,,,,,,,,,,,,,
,,12 Jan - 18 Jan,05 Jan - 11 Jan,,12 Jan - 18 Jan,05 Jan - 11 Jan,,12 Jan - 18 Jan,05 Jan - 11 Jan,,12 Jan - 18 Jan,05 Jan - 11 Jan,,,,,,,,,,,,,,,,,,,,,,,,,,,,,,,,,,,,
,Organic Search,112.0,144.0,-0.2222222222,136.0,188.0,-0.2765957447,82.0,98.0,-0.1632653061,47.0,33.0,0.4242424242,,,,,,,,,,,,,,,,,,,,,,,,,,,,,,,,,,,
,Direct,115.0,118.0,-0.02542372881,122.0,125.0,-0.024,20.0,30.0,-0.3333333333,10.0,10.0,0,,,,,,,,,,,,,,,,,,,,,,,,,,,,,,,,,,,
,Organic Social,35.0,47.0,-0.2553191489,36.0,52.0,-0.3076923077,22.0,27.0,-0.1851851852,13.0,17.0,-0.2352941176,,,,,,,,,,,,,,,,,,,,,,,,,,,,,,,,,,,
,,,,,,,,,,,,,,,,,,,,,,,,,,,,,,,,,,,,,,,,,,,,,,,,
,Channel group,Users,,Change (%),Sessions,,Change (%),Engaged sessions,,Change (%),Average engagement time per user,,Change (%),,,,,,,,,,,,,,,,,,,,,,,,,,,,,,,,,,,
,,05 Jan - 11 Jan,29 Dec - 04 Jan,,05 Jan - 11 Jan,29 Dec - 04 Jan,,05 Jan - 11 Jan,29 Dec - 04 Jan,,05 Jan - 11 Jan,29 Dec - 04 Jan,,,,,,,,,,,,,,,,,,,,,,,,,,,,,,,,,,,,
,Organic Search,144.0,133.0,0.08270676692,188.0,163.0,0.1533742331,98.0,94.0,0.04255319149,33.0,35.0,-0.05714285714,,,,,,,,,,,,,,,,,,,,,,,,,,,,,,,,,,,
,Direct,118.0,113.0,0.04424778761,125.0,117.0,0.06837606838,30.0,18.0,0.6666666667,10.0,7.0,0.4285714286,,,,,,,,,,,,,,,,,,,,,,,,,,,,,,,,,,,
,Organic Social,47.0,43.0,0.09302325581,52.0,43.0,0.2093023256,27.0,23.0,0.1739130435,17.0,14.0,0.2142857143,,,,,,,,,,,,,,,,,,,,,,,,,,,,,,,,,,,
,,,,,,,,,,,,,,,,,,,,,,,,,,,,,,,,,,,,,,,,,,,,,,,,
,Channel group,Users,,Change (%),Sessions,,Change (%),Engaged sessions,,Change (%),Average engagement time per user,,Change (%),,,,,,,,,,,,,,,,,,,,,,,,,,,,,,,,,,,
,,29 Dec - 04 Jan,22 Dec - 28 Dec,,29 Dec - 04 Jan,22 Dec - 28 Dec,,29 Dec - 04 Jan,22 Dec - 28 Dec,,29 Dec - 04 Jan,22 Dec - 28 Dec,,,,,,,,,,,,,,,,,,,,,,,,,,,,,,,,,,,,
,Organic Search,133.0,132.0,0.007575757576,163.0,178.0,-0.08426966292,94.0,107.0,-0.1214953271,35.0,51.0,-0.3137254902,,,,,,,,,,,,,,,,,,,,,,,,,,,,,,,,,,,
,Direct,113.0,126.0,-0.1031746032,117.0,134.0,-0.1268656716,18.0,28.0,-0.3571428571,7.0,8.0,-0.125,,,,,,,,,,,,,,,,,,,,,,,,,,,,,,,,,,,
,Organic Social,43.0,48.0,-0.1041666667,43.0,50.0,-0.14,23.0,28.0,-0.1785714286,14.0,28.0,-0.5,,,,,,,,,,,,,,,,,,,,,,,,,,,,,,,,,,,
,Referral,2.0,3.0,-0.3333333333,10.0,11.0,-0.09090909091,8.0,4.0,1,25.0,2.0,11.5,,,,,,,,,,,,,,,,,,,,,,,,,,,,,,,,,,,
,,,,,,,,,,,,,,,,,,,,,,,,,,,,,,,,,,,,,,,,,,,,,,,,
,Channel group,Users,,Change (%),Sessions,,Change (%),Engaged sessions,,Change (%),Average engagement time per user,,Change (%),,,,,,,,,,,,,,,,,,,,,,,,,,,,,,,,,,,
,,22 Dec - 28 Dec,15 Dec - 21 Dec,,22 Dec - 28 Dec,15 Dec - 21 Dec,,22 Dec - 28 Dec,15 Dec - 21 Dec,,22 Dec - 28 Dec,15 Dec - 21 Dec,,,,,,,,,,,,,,,,,,,,,,,,,,,,,,,,,,,,
,Direct,126.0,107.0,0.1775700935,134.0,107.0,0.2523364486,28.0,29.0,-0.03448275862,8.0,14.0,-0.4285714286,,,,,,,,,,,,,,,,,,,,,,,,,,,,,,,,,,,
,Organic Search,132.0,142.0,-0.07042253521,178.0,168.0,0.05952380952,107.0,112.0,-0.04464285714,51.0,41.0,0.243902439,,,,,,,,,,,,,,,,,,,,,,,,,,,,,,,,,,,
,Organic Social,48.0,46.0,0.04347826087,50.0,46.0,0.08695652174,28.0,29.0,-0.03448275862,28.0,14.0,1,,,,,,,,,,,,,,,,,,,,,,,,,,,,,,,,,,,
,Referral,3.0,1.0,2,11.0,7.0,0.5714285714,4.0,4.0,0,2.0,2.0,0,,,,,,,,,,,,,,,,,,,,,,,,,,,,,,,,,,,
,,,,,,,,,,,,,,,,,,,,,,,,,,,,,,,,,,,,,,,,,,,,,,,,
,Channel group,Users,,Change (%),Sessions,,Change (%),Engaged sessions,,Change (%),Average engagement time per user,,Change (%),,,,,,,,,,,,,,,,,,,,,,,,,,,,,,,,,,,
,,15 Dec - 21 Dec,08 Dec - 14 Dec,,15 Dec - 21 Dec,08 Dec - 14 Dec,,15 Dec - 21 Dec,08 Dec - 14 Dec,,15 Dec - 21 Dec,08 Dec - 14 Dec,,,,,,,,,,,,,,,,,,,,,,,,,,,,,,,,,,,,
,Direct,107.0,142.0,-0.2464788732,107.0,148.0,-0.277027027,29.0,32.0,-0.09375,14.0,13.0,0.07692307692,,,,,,,,,,,,,,,,,,,,,,,,,,,,,,,,,,,
,Organic Search,142.0,125.0,0.136,168.0,166.0,0.01204819277,112.0,99.0,0.1313131313,41.0,60.0,-0.3166666667,,,,,,,,,,,,,,,,,,,,,,,,,,,,,,,,,,,
,Organic Social,46.0,67.0,-0.3134328358,46.0,70.0,-0.3428571429,29.0,41.0,-0.2926829268,14.0,11.0,0.2727272727,,,,,,,,,,,,,,,,,,,,,,,,,,,,,,,,,,,
,Referral,1.0,15.0,-0.9333333333,7.0,34.0,-0.7941176471,4.0,17.0,-0.7647058824,2.0,14.0,-0.8571428571,,,,,,,,,,,,,,,,,,,,,,,,,,,,,,,,,,,
,,,,,,,,,,,,,,,,,,,,,,,,,,,,,,,,,,,,,,,,,,,,,,,,
,Channel group,Users,,Change (%),Sessions,,Change (%),Engaged sessions,,Change (%),Average engagement time per user,,Change (%),,,,,,,,,,,,,,,,,,,,,,,,,,,,,,,,,,,
,,08 Dec - 14 Dec,01 Dec - 07 Dec,,08 Dec - 14 Dec,01 Dec - 07 Dec,,08 Dec - 14 Dec,01 Dec - 07 Dec,,08 Dec - 14 Dec,01 Dec - 07 Dec,,,,,,,,,,,,,,,,,,,,,,,,,,,,,,,,,,,,
,Direct,142.0,117.0,0.2136752137,148.0,125.0,0.184,32.0,38.0,-0.1578947368,13.0,16.0,-0.1875,,,,,,,,,,,,,,,,,,,,,,,,,,,,,,,,,,,
,Organic Search,125.0,108.0,0.1574074074,166.0,143.0,0.1608391608,99.0,81.0,0.2222222222,60.0,54.0,0.1111111111,,,,,,,,,,,,,,,,,,,,,,,,,,,,,,,,,,,
,Organic Social,67.0,57.0,0.1754385965,70.0,58.0,0.2068965517,41.0,35.0,0.1714285714,11.0,16.0,-0.3125,,,,,,,,,,,,,,,,,,,,,,,,,,,,,,,,,,,
,Referral,15.0,5.0,2,34.0,7.0,3.857142857,17.0,1.0,16,14.0,10.0,0.4,,,,,,,,,,,,,,,,,,,,,,,,,,,,,,,,,,,
,,,,,,,,,,,,,,,,,,,,,,,,,,,,,,,,,,,,,,,,,,,,,,,,
,Channel group,Users,,Change (%),Sessions,,Change (%),Engaged sessions,,Change (%),Average engagement time per user,,Change (%),,,,,,,,,,,,,,,,,,,,,,,,,,,,,,,,,,,
,,01 Dec - 07 Dec,24 Nov - 30 Nov,,01 Dec - 07 Dec,24 Nov - 30 Nov,,01 Dec - 07 Dec,24 Nov - 30 Nov,,01 Dec - 07 Dec,24 Nov - 30 Nov,,,,,,,,,,,,,,,,,,,,,,,,,,,,,,,,,,,,
,Direct,117.0,162.0,-0.2777777778,125.0,181.0,-0.3093922652,38.0,114.0,-0.6666666667,16.0,10.0,0.6,,,,,,,,,,,,,,,,,,,,,,,,,,,,,,,,,,,
,Organic Search,108.0,143.0,-0.2447552448,143.0,164.0,-0.1280487805,81.0,46.0,0.7608695652,54.0,28.0,0.9285714286,,,,,,,,,,,,,,,,,,,,,,,,,,,,,,,,,,,
,Organic Social,57.0,66.0,-0.1363636364,58.0,70.0,-0.1714285714,35.0,35.0,0,16.0,9.0,0.7777777778,,,,,,,,,,,,,,,,,,,,,,,,,,,,,,,,,,,
,Referral,5.0,4.0,0.25,7.0,17.0,-0.5882352941,1.0,7.0,-0.8571428571,10.0,32.0,-0.6875,,,,,,,,,,,,,,,,,,,,,,,,,,,,,,,,,,,
,,,,,,,,,,,,,,,,,,,,,,,,,,,,,,,,,,,,,,,,,,,,,,,,
,Channel group,Users,,Change (%),Sessions,,Change (%),Engaged sessions,,Change (%),Average engagement time per user,,Change (%),,,,,,,,,,,,,,,,,,,,,,,,,,,,,,,,,,,
,,24 Nov - 30 Nov,17 Nov - 23 Nov,,24 Nov - 30 Nov,17 Nov - 23 Nov,,24 Nov - 30 Nov,17 Nov - 23 Nov,,24 Nov - 30 Nov,17 Nov - 23 Nov,,,,,,,,,,,,,,,,,,,,,,,,,,,,,,,,,,,,
,Direct,162.0,207.0,-0.2173913043,181.0,226.0,-0.1991150442,114.0,57.0,1,10.0,13.0746269,-0.2351598194,,,,,,,,,,,,,,,,,,,,,,,,,,,,,,,,,,,
,Organic Search,143.0,130.0,0.1,164.0,167.0,-0.01796407186,46.0,101.0,-0.5445544554,28.0,38.3359375,-0.2696148359,,,,,,,,,,,,,,,,,,,,,,,,,,,,,,,,,,,
,Organic Social,66.0,60.0,0.1,70.0,72.0,-0.02777777778,35.0,46.0,-0.2391304348,9.0,22.5166667,-0.6002960776,,,,,,,,,,,,,,,,,,,,,,,,,,,,,,,,,,,
,Referral,4.0,8.0,-0.5,17.0,18.0,-0.05555555556,7.0,11.0,-0.3636363636,32.0,9.375,2.413333333,,,,,,,,,,,,,,,,,,,,,,,,,,,,,,,,,,,
,,,,,,,,,,,,,,,,,,,,,,,,,,,,,,,,,,,,,,,,,,,,,,,,
,Channel group,Users,,Change (%),Sessions,,Change (%),Engaged sessions,,Change (%),Average engagement time per user,,Change (%),,,,,,,,,,,,,,,,,,,,,,,,,,,,,,,,,,,
,,17 Nov - 23 Nov,10 Nov - 16 Nov,,17 Nov - 23 Nov,10 Nov - 16 Nov,,17 Nov - 23 Nov,10 Nov - 16 Nov,,17 Nov - 23 Nov,10 Nov - 16 Nov,,,,,,,,,,,,,,,,,,,,,,,,,,,,,,,,,,,,
,Direct,207.0,224.0,-0.07589285714,226.0,244.0,-0.0737704918,57.0,67.0,-0.1492537313,13.0746269,24.4009009,-0.4641744191,,,,,,,,,,,,,,,,,,,,,,,,,,,,,,,,,,,
,Organic Search,130.0,117.0,0.1111111111,167.0,159.0,0.05031446541,101.0,101.0,0,38.3359375,32.5565217,0.1775194492,,,,,,,,,,,,,,,,,,,,,,,,,,,,,,,,,,,
,Organic Social,60.0,67.0,-0.1044776119,72.0,69.0,0.04347826087,46.0,47.0,-0.02127659574,22.5166667,19.9253731,0.1300499412,,,,,,,,,,,,,,,,,,,,,,,,,,,,,,,,,,,
,Referral,8.0,4.0,1,18.0,9.0,1,11.0,4.0,1.75,9.375,18.75,-0.5,,,,,,,,,,,,,,,,,,,,,,,,,,,,,,,,,,,
,,,,,,,,,,,,,,,,,,,,,,,,,,,,,,,,,,,,,,,,,,,,,,,,
,Channel group,Users,,Change (%),Sessions,,Change (%),Engaged sessions,,Change (%),Average engagement time per user,,Change (%),,,,,,,,,,,,,,,,,,,,,,,,,,,,,,,,,,,
,,10 Nov - 16 Nov,03 Nov - 09 Nov,,10 Nov - 16 Nov,27 Oct - 02 Nov,,10 Nov - 16 Nov,03 Nov - 09 Nov,,10 Nov - 16 Nov,03 Nov - 09 Nov,,,,,,,,,,,,,,,,,,,,,,,,,,,,,,,,,,,,
,Direct,224.0,177.0,0.2655367232,244.0,177.0,0.3785310734,67.0,33.0,1.03030303,24.4009009,13.8171429,0.7659874459,,,,,,,,,,,,,,,,,,,,,,,,,,,,,,,,,,,
,Organic Search,117.0,103.0,0.1359223301,159.0,132.0,0.2045454545,101.0,85.0,0.1882352941,32.5565217,40.98,-0.205550959,,,,,,,,,,,,,,,,,,,,,,,,,,,,,,,,,,,
,Organic Social,67.0,56.0,0.1964285714,69.0,48.0,0.4375,47.0,41.0,0.1463414634,19.9253731,22.1607143,-0.1008695464,,,,,,,,,,,,,,,,,,,,,,,,,,,,,,,,,,,
,Referral,4.0,11.0,-0.6363636364,9.0,18.0,-0.5,4.0,12.0,-0.6666666667,18.75,54.4545455,-0.6556761272,,,,,,,,,,,,,,,,,,,,,,,,,,,,,,,,,,,
,,,,,,,,,,,,,,,,,,,,,,,,,,,,,,,,,,,,,,,,,,,,,,,,
,Channel group,Users,,Change (%),Sessions,,Change (%),Engaged sessions,,Change (%),Average engagement time per user,,Change (%),,,,,,,,,,,,,,,,,,,,,,,,,,,,,,,,,,,
,,03 Nov - 09 Nov,27 Oct - 02 Nov,,03 Nov - 09 Nov,27 Oct - 02 Nov,,03 Nov - 09 Nov,27 Oct - 02 Nov,,03 Nov - 09 Nov,27 Oct - 02 Nov,,,,,,,,,,,,,,,,,,,,,,,,,,,,,,,,,,,,
,Direct,177.0,161.0,0.09937888199,186.0,177.0,0.05084745763,33.0,35.0,-0.05714285714,13.8171429,19.90625,-0.3058892107,,,,,,,,,,,,,,,,,,,,,,,,,,,,,,,,,,,
,Organic Search,103.0,104.0,-0.009615384615,134.0,132.0,0.01515151515,85.0,80.0,0.0625,40.98,41.6464646,-0.0160029094,,,,,,,,,,,,,,,,,,,,,,,,,,,,,,,,,,,
,Organic Social,56.0,47.0,0.1914893617,62.0,48.0,0.2916666667,41.0,34.0,0.2058823529,22.1607143,13.4468085,0.6480278053,,,,,,,,,,,,,,,,,,,,,,,,,,,,,,,,,,,
,Referral,11.0,7.0,0.5714285714,21.0,18.0,0.1666666667,12.0,12.0,0,54.4545455,12.2857143,3.432346722,,,,,,,,,,,,,,,,,,,,,,,,,,,,,,,,,,,
,,,,,,,,,,,,,,,,,,,,,,,,,,,,,,,,,,,,,,,,,,,,,,,,
,Channel group,Users,,Change (%),Sessions,,Change (%),Engaged sessions,,Change (%),Average engagement time per user,,Change (%),,,,,,,,,,,,,,,,,,,,,,,,,,,,,,,,,,,
,,27 Oct - 02 Nov,20 Oct - 26 Oct,,27 Oct - 02 Nov,20 Oct - 26 Oct,,27 Oct - 02 Nov,20 Oct - 26 Oct,,27 Oct - 02 Nov,20 Oct - 26 Oct,,,,,,,,,,,,,,,,,,,,,,,,,,,,,,,,,,,,
,Direct,161.0,273.0,-0.4102564103,177.0,282.0,-0.3723404255,35.0,17.0,1.058823529,19.90625,3.67896679,4.410826228,,,,,,,,,,,,,,,,,,,,,,,,,,,,,,,,,,,
,Organic Search,104.0,104.0,0,132.0,127.0,0.03937007874,80.0,75.0,0.06666666667,41.6464646,42.3333333,-0.01622524489,,,,,,,,,,,,,,,,,,,,,,,,,,,,,,,,,,,
,Organic Social,47.0,7.0,5.714285714,48.0,7.0,5.857142857,34.0,4.0,7.5,13.4468085,13.2857143,0.01212536988,,,,,,,,,,,,,,,,,,,,,,,,,,,,,,,,,,,
,Referral,7.0,2.0,2.5,18.0,2.0,8,12.0,1.0,11,12.2857143,18.0,-0.3174603167,,,,,,,,,,,,,,,,,,,,,,,,,,,,,,,,,,,
,,,,,,,,,,,,,,,,,,,,,,,,,,,,,,,,,,,,,,,,,,,,,,,,
,Channel group,Users,,Change (%),Sessions,,Change (%),Engaged sessions,,Change (%),Average engagement time per user,,Change (%),,,,,,,,,,,,,,,,,,,,,,,,,,,,,,,,,,,
,,20 Oct - 26 Oct,13 Oct - 19 Oct,,20 Oct - 26 Oct,13 Oct - 19 Oct,,20 Oct - 26 Oct,13 Oct - 19 Oct,,20 Oct - 26 Oct,13 Oct - 19 Oct,,,,,,,,,,,,,,,,,,,,,,,,,,,,,,,,,,,,
,Direct,273.0,147.0,0.8571428571,282.0,149.0,0.8926174497,17.0,15.0,0.1333333333,3.67896679,7.93835616,-0.536558109,,,,,,,,,,,,,,,,,,,,,,,,,,,,,,,,,,,
,Organic Search,104.0,106.0,-0.01886792453,127.0,130.0,-0.02307692308,75.0,79.0,-0.05063291139,42.3333333,40.7352941,0.03922984319,,,,,,,,,,,,,,,,,,,,,,,,,,,,,,,,,,,
,Organic Social,7.0,5.0,0.4,7.0,11.0,-0.3636363636,4.0,7.0,-0.4285714286,13.2857143,1.4,8.489795929,,,,,,,,,,,,,,,,,,,,,,,,,,,,,,,,,,,
,Referral,2.0,4.0,-0.5,2.0,7.0,-0.7142857143,1.0,3.0,-0.6666666667,18.0,85.0,-0.7882352941,,,,,,,,,,,,,,,,,,,,,,,,,,,,,,,,,,,
